Unnamed: 0,medication,text,label,想定した有害事象,想定した服薬指導実施場所（調剤薬局，病院（外来），病院（病棟））,有害事象_normalize
1,セレコックス錠１００ｍｇ,患者像：30代、男性\n既往歴：なし\n併用薬：ロキソニンテープ、ミオナール\nアドヒアランス：良好\nS：肩の痛みが強くなってきたので出してもらった。以前から方は痛めていたが特に治療はしていなかった。しかし、最近になってよく痛むような感じがある。仕事に差し支えることもあるのでこれで和らいでくれないと辛いなぁ。,無,なし,調剤薬局,-
567,セレコックス錠１００ｍｇ,患者像（男性，40代，会社員，妻と子供と4人暮らし，既往症（腰痛），併用薬（レバミピド、モーラステープ、デキサメタゾン口腔用軟膏），アドヒアランス良好）\nS「肉体労働もあって、慢性的な腰痛で通院中。痛み止めを飲むようになってから口の中が痛くなって。最初は薬と関係ないんじゃないかって思ってたんだけど、先生に相談したら薬の可能性もあるって言われて。とりあえず痛み止めは続けたままで口内炎の塗り薬を出してもらったんだ。そしたらすぐに良くなったよ。痛み止めは痛いときだけにしてシップも併用しながら治療を続けて痛みも落ち着いているよ」,有,口内炎,調剤薬局,+
1015,マグミット錠３３０ｍｇ,患者像（女性，90代，娘と同居，いつも介護している娘が来局，退院後１回目の来局，既往歴（高血圧，認知症），併用薬（アムロジピン，ドネペジル），アドヒアランス良好）\nS「１ヶ月ほど前に朝ご飯が終わってすぐに吐きました．認知症の薬を飲み始めた時にも気持ち悪くなってたりしてたので，その関係かと思ったけど，どうも様子がおかしかったので救急車を呼びました．そのまま入院になってしまって．先生はマグネシウムの値が高いせいだとおっしゃっていました．すぐにいつも飲んでいた下剤が中止になって１週間前にやっと退院してきました．少し認知が進んだ気がします．」,有,高マグネシウム血症,調剤薬局,+
977,ワーファリン錠１ｍｇ,患者像（女性、80代、無職、1人暮らし（近所に娘夫婦）、既往歴（脳梗塞、緑内障、高血圧、糖尿病）、併用薬（レニベース、メトグルコ、バイアスピリン、ファモチジン、レバミピド、アムロジピン、メチコバール、ルミガン点眼、チモロール点眼）、一包化（日付印字は本人拒否）、アドヒアランス不安あり）S「娘：最近よくワーファリンの数に変更があって、心配していたんだけど、やっぱりうまく飲めていないみたい。この間私が家に入ったら、昔の一包化薬がたくさん出てきたんです。どうやら、古いものも混ぜこぜで飲んでいたみたい。まとめて持ってきました。ワーファリンの量全部違いますよね。もうややこしいし、捨ててもらうか、うまくまとめれそうなら再利用してください。それに、うちの母頑固だから、頑なに日付は印字しなくていいって言ってるけど、危ないし日付入れるようにしてください。本人にはなんとか私から説得します。先生の方には今日受診時にワーファリンがうまく飲めていないこと、私から伝えました。一応今のところ数値的には問題ないみたいですが、最近変動があったのはそのせいかと納得されていました。」,有,アドヒアランス不良による、ワーファリンの効果不安定,調剤薬局,+
854,フォルテオ注,患者像（女性、80代、主婦、夫婦2人暮らし、既往歴（高血圧、甲状腺機能低下症）、併用薬（チラーヂンS、アムロジピン、オルメサルタン、フロセミド）、アドヒアランス良好）S「夫：ここでもらってる注射な、昨日よく見たら中の液体が結晶になってないか？保管はちゃんと冷蔵庫でしてるよ。冷凍庫には入れてない。ただ、もう何十年前の冷蔵庫だからなあ。そう言われると、たまに上の方に入れてるやつに霜が降りてたりするな。」,有,おそらく冷凍状態になったことによる、成分の結晶化,調剤薬局,+
209,エンハーツ（トラスツズマブデルクステカン）,患者像（５０代女性、既往歴（乳がん）、併用薬（デカドロン、ファモチジン）、アドヒアランス良好）\n３日前に点滴を打ってきて２日間ステロイドと胃薬を飲みました。吐き気はそんなに酷くは出ませんでしたが、今日になってすごく体がだるくなってきました。\n熱は出ていないけど血液検査をしてみるみたいです。,有,倦怠感、白血球減少症,病院（病棟）,+
903,イフェクサーSRカプセル37.5mg,患者像（女性、40代、主婦、子供2人と夫の家族4人暮らし、既往歴なし、併用薬（エチゾラム、炭酸リチウム、ミルタザピン、ブロチゾラム）、一包化、アドヒアランス良好）S「気分が上がったり下がったりです。色々薬飲んでいるから、副作用もたくさんあると思うんだけど、なんだかこの薬を飲むと動悸がする気はしますね。まあ我慢できなくはない。どうせ家で何もしていないんだし。」,有,動悸,調剤薬局,+
955,センノシド錠１２ｍｇ「サワイ」,患者像（女性、80代、主婦、娘と夫婦の3人暮らし、既往歴（認知症、高血圧）、併用薬（ビオフェルミン、メコバラミン、ツムラ抑肝散、メマリー、レミニール、アジルバ）、アドヒアランス不良（センノシド以外一包化、娘さん管理））S「娘：薬は私が基本的に管理しているんですが、最近こそこそ勝手に薬飲むんで困っているんです。この間夜中に急に便を大量に漏らして。水みたいな下痢で、どうしたのかと思ったら、勝手にセンノシドを大量に飲んでいたみたい。他のは一包化してもらってるけど、これだけは調節のためにヒートにしてもらってたから。多分10錠くらい飲んだんじゃないかな。脱水が怖かったので、急いでOS−1飲ませました。」,有,過剰服用による下痢,調剤薬局,+
843,マックメット懸濁用配合DS,患者像（男性、40代、会社員、一人暮らし、既往歴なし、併用薬（タケキャブ）、アドヒアランス良好）S「胃炎の薬ここ数ヶ月もらっているじゃないですか。それって相性悪い薬とかあります？僕花粉症なんで、市販のアレグラを買って飲んでいるんですが、今年効きが悪い気がする。ニュースでスギ花粉少なめと言っているのに、おかしいなって。」,有,フェキソフェナジンとの同時服用により、吸収阻害作用を示している可能性,調剤薬局,+
908,ロキソプロフェン錠60mg「日医工」,患者像（女性、40代、主婦、子供2人と夫の4人暮らし、既往歴なし、併用薬（ゾーミッグ）、アドヒアランス良好）S「昔からよくロキソニンを飲んでいた。片頭痛持ちだしね。空腹時とか特に考えず痛い時に飲んでいたんですが、40代になってから空腹時に飲むと胃の痛みを感じるようになった。やっぱり歳だね。ちゃんと何か胃に入れなきゃと体感してます。」,有,空腹時の服用で胃痛,調剤薬局,+
787,オルメテック錠20mg,患者像（女性、80代、主婦、夫婦2人暮らし、既往歴（糖尿病、高血圧、神経痛、骨粗鬆症）、併用薬（マグミット、リリカ、リマプロスト、トアラセット、カロナール、エルデカルシトール、メトグルコ、ネシーナ、レバミピド、メチコバール）、日付印字一包化、アドヒアランス不安あり）S「娘：普段は夫婦2人であまりかまってあげれてないんですが、久しぶりに家に行ったら、昔の薬が随分溜まっていた。見ると、何故かピンクに変色している薬があって。これは飲まない方がいいですよね。最近のものは変色していないです。」,有,オルメテック×メトグルコ、一包化後時間経過によるメトグルコの変色,調剤薬局,+
77,AC療法（ドキソルビシン，シクロホスファミド，パクリタキセル）,患者像：50代、女性\n既往歴：乳がん\n併用薬：イメンド、デカドロン、プリンペラン\nアドヒアランス：良好\nS：もう3回目の注射でした。やっぱり注射した日は辛いですね。吐き気は最初に比べれば慣れた感じがあります。先生からの説明通り、抜け毛が目立つようになってきました。少し薄くなってきたように思います。発熱は今のところないですね。人混みも避けるようにしていますし、なるべく家にいるようにして過ごしています。,有,脱毛,調剤薬局,+
178,リリカＯＤ錠２５ｍｇ,患者像（３０代女性、既往歴なし、併用薬（セレコックス、ムコスタ、トラムセット  ）、アドヒアランス良好）\n先週くらいから腰の痛みと足に痺れがあって、昨日整形外科を受診したらヘルニアと言われ痛み止めと痺れを抑える薬をもらった。薬をもらって飲み始めたけど、飲んでから１時間くらい経つとめまいがしてくる。\n数時間経ったらよくなったけどもう一度薬を飲んだらやっぱり同じようにめまいがする。もらった薬のどれかでそんな副作用出るのはありますか？,有,めまい,調剤薬局,+
617,ワーファリン錠１ｍｇ,患者像（男性，60代，会社員，妻と2人暮らし，既往症（心臓弁膜症術後），併用薬（メインテート、タケプロン），アドヒアランス良好）\nS「心臓の手術をしたあとから血液をサラサラにする薬が追加になった。胃薬も一緒に飲むようにって言われているよ。ある日突然鼻血が出てね、びっくりして病院にいったんだ。止血するために処置をしてもらって血はすぐ止まったよ。血液検査したらワーファリンっていう薬が効き過ぎていたみたい。ワーファリンの量を調節してもらってからはサラサラの数値も良くなって鼻血も出なくなったよ」,有,鼻血,調剤薬局,+
180,アムロジピンＯＤ錠５ｍｇ「トーワ」,患者像（９０代女性、施設入居中、既往歴（高血圧）、併用薬（テルミサルタン（４０）、フロセミド（２０））、アドヒアランス（良好））\n施設看護師より\n最近血圧が低下傾向にある。朝はかると90／60くらい。\nアムロジピンは今は朝夕食後１錠ずつ１日２回でコントロールしているが、低血圧傾向の場合は夕食後は抜くように言われているのでアムロジピンは朝のみ服用し、１日５ｍｇでコントロールしようと思っている。,有,低血圧,調剤薬局,+
772,スーグラ錠50mg,患者像（女性、60代、主婦、娘と夫の家族3人暮らし、既往歴（高血圧）、併用薬（ジャヌビア、メトグルコ、イルアイミクスHD）、アドヒアランス良好）S「おしっこの回数が多いし、痛みもあるし、どうもおかしいなと思って受診したら膀胱炎だった。今まで膀胱炎になんかなったことなかったのに。どうやら先日から飲み始めている、新しい糖尿の薬の副作用かもしれないとのこと。HbA1c：7.8」,有,尿路感染症（膀胱炎）,調剤薬局,+
41,メチコバール錠５００μｇ ０．５ｍｇ,患者像：40代、女性\n既往歴：糖尿病、高血圧\n併用薬：アジルばバ、ジャヌビア、セレコックス\nアドヒアランス：良好\nS：ずっと飲んでいたけど効果あるのかよくわからないから一旦やめていた。そしたらまた手先の痺れが出てきたので相談した。やっパリぱり継続して飲まないとダメな薬なんだね。前に飲んでいた時は特に副作用とかはなかったね。,無,なし,調剤薬局,-
938,アムロジピンＯＤ錠５ｍｇ「トーワ」,患者像（女性、60代、主婦、夫婦二人暮らし、既往歴（高血圧）、併用薬なし、アドヒアランス○）S「最近、血圧が低く、頭がフラフラすることが多くて。夏になったから血圧が下がってきたのかしら。でも、薬を飲まないと結構高いのよね。GFJは飲んでいないよ。大きいみかん？庭に夏みかんがなっているから、それをママレードにして毎朝いただいています。BP：100/65」）,有,降圧作用の増強（夏みかんによるCYP3A4阻害）,調剤薬局,+
79,AC療法（ドキソルビシン，シクロホスファミド，パクリタキセル）,患者像：60代、女性\n既往歴：乳がん\n併用薬：イメンド、デカドロン、プリンペラン\nアドヒアランス：良好\nS：抗がん剤についての説明は聞きました。特にこれといって質問はありません。副作用の話も聞きました。特に髪の毛が無くなるのは辛いですね。どれも心配ですが、仕方ないですね。薬で対処できるものもあるとのことなのでしっかり飲むつもりです。,無,なし,病院（病棟）,-
58,フェブリク錠１０ｍｇ,患者像：50代、男性\n既往歴：前立腺肥大、脂質異常症\n併用薬：ベオーバ、クレストール\nアドヒアランス：良好\nS：いつものね。最近も体調は変わらないかな。口の渇きも特に感じていない。前回の検査の閣下結果が出たんだけど、血糖値も高くなってきてるみたい。食事を気にするように言われちゃった。具体的に何に気をつければいいですか。友達も糖尿病なんだけど、そんなに食事気にしてるような感じはなかったけどなぁ。,無,なし,調剤薬局,-
170,ツムラ大建中湯エキス顆粒（医療用）,（女性、7０代，主婦，夫　，異常なし，合併症の無，既往歴　便秘、併用 芍薬甘草湯　葛根湯　当帰芍薬散　　，服薬アドヒアランス良好）\nS「私は昔から西洋薬は苦手なの。漢方薬でずっとやってきたの。なんか最近おなかが張る感じで気になっていたので先生に相談したの。そしたらこの薬がいいって聞いて飲んでいるの。まだそんなに実感はないけど、すぐには効かないわよね。少し気になるのはちょっとむくみがあるのよね。漢方は副作用がないと思うから、なんか別の原因があるのよね。」,有,偽アルドステロン症,調剤薬局,+
852,フォルテオ注,患者像（女性、70代、無職、娘と2人暮らし、既往歴（骨粗鬆症）、併用薬（エルデカルシトール、カロナール、プレガバリン、レバミピド）、アドヒアランス良好）S「なんか太ももが痛いと思って整形に行ったら、まさかの骨折、骨粗鬆症なんて。注射怖いけど、やるしかないもんね。1ヶ月でだいぶ慣れてきたよ。ただ、足の痛みは治ってきたし、カロナール飲むのやめたら頭痛が出てきて。先生はフォルテオで頭痛が出てくることもあるって。」,有,頭痛,調剤薬局,+
47,エンシュア・リキッド,患者像：90代、女性\n既往歴：乳がん、高血圧、脂質異常症\n併用薬：アムロジン、クレストール\nアドヒアランス：良好\nS：いつも基本的には横になっている。食事もあまり取れなくなってきたと先生にお話ししたらこちらで少し栄養を足しましょうと。無理のない範囲で飲んでみます。一度に1缶全部は飲めなそうだから半分ずつ飲んでみます,無,なし,調剤薬局,-
784,シムビコート,患者像（男性、60代、会社員、一人暮らし、既往歴・併用薬なし、タバコ（1日1箱）アドヒアランス良好）S「先週は仕事が忙しくて、なかなか病院に来れなかった。でも、吸入の容器振ってみたら、カラカラって音がするし薬少し残っていたみたいだから、それで凌いでいたよ。」,有,製品の乾燥剤を薬剤と思い込んだことにより、吸入できていない期間が発生,調剤薬局,+
901,エブトール錠,患者像（女性、50代、主婦、息子と夫の3人暮らし、既往歴なし、併用薬（クラリスロマイシン、リファンピシン）、アドヒアランス良好）\nS「この薬飲むと苦味が上がってきてしんどい。でも飲まないといけない薬だもんねえ。何年くらい飲まないといけないのかしら。先生は2〜3年かなって。それで治るといいんですが。」,有,クラリスロマイシンの苦味,調剤薬局,+
84,CMF療法（シクロホスファミド，メトトレキサート，フルオロウラシル）,患者像：50代、女性\n既往歴：乳がん\n併用薬：なし\nアドヒアランス：良好\nS：血液検査をしたら肝機能の数字がものすごく上がっていたみたいです。とくに自覚症状とかはないのですが。なので注射はしばらく中止とのことでした。治療できないのは、それはそれで不安な気もしますね。早くなんともなくなればいいんですけど。,有,肝機能障害,病院（病棟）,+
27,マグミット錠３３０ｍｇ,患者像：60代、女性\n既往歴：大腸癌\n併用薬：オキシコンチン、オキノーム、ノバミン、トラムセット\nアドヒアランス：良好\nS：痛み止めを飲むとお通じが出なくなるから飲んでいる。普段は3錠でちょうどいいけど、痛みがひどい日は痛み止めの量が多くなって、お通じもでににくくなるようなことがある。そんな時だけは増やして服用することもある。自分でうまく調節はできているよ,有,便秘,調剤薬局,+
858,オキシコドン徐放カプセル5mg「テルモ」,患者像（男性、70代、無職、息子家族と5人暮らし、既往歴（胃がん、高血圧）、併用薬（アムロジピン、マグミット、ランソプラゾール、ロキソプロフェン、エナラプリル、オキノーム散、ラキソベロン）、アドヒアランス良好）	S「息子：オキシコドンを増量すると、寝ている時間が多くなった。でも痛がっている姿を見るよりマシです。ただ、便秘もキツくなってしまっているらしいので、下剤をうまく使わないと。」,有,便秘,調剤薬局,+
10,アジルバ錠２０ｍｇ,患者像：40代、男性\n既往歴：なし\n併用薬：なし\nアドヒアランス：良好\nS：会社の健康診断で高血圧気味だと言われて、受診するよう言われました。さっき測ったら190/120とかでした。自覚症状みたいなのは特に感じないので、それでも治療する必要あるのかなぁと思っちゃいますが。塩分についても言われましたね。でも独身なんで食事制限みたいなのは難しいかなと思ってます。,無,なし,調剤薬局,-
120,マグミット錠３３０ｍｇ,（女性、８０代，無職，夫，異常なし，合併症，既往歴　骨粗しょう症、高血圧、脂質異常症併用　併用　レニベース、リバロ、タケプロン、ビビアント　服薬アドヒアランス？）\nS「飲み忘れとかはないですね。飲むやつまとめて袋に入れてもらってるからだよ（一包化）。ありがとうございます。最近少しおなかが痛いの。今日先生にも言って血液検査してもらった」,有,高マグネシウム血症の初期症状,調剤薬局,+
799,メマリー錠10mg,患者像（女性、80代、無職、息子家族と5人暮らし、既往歴（骨粗鬆症、脂質異常症）、併用薬（ボノテオ、カロナール、イコサペント酸、マグミット、ゼチーア、センノシド、レミニール）、一包化、アドヒアランス良好）S「嫁：前回からレミニールにメマリーという薬を追加してもらったんですが、義母さん、よくフラついているんです。聞くと目の前がクラクラするみたいなことを言っていて。危なくて目が離せない。」,有,目眩,調剤薬局,+
933,リリカＯＤ錠２５ｍｇ,患者像（男性、70代、無職、夫婦2人暮らし、既往歴（腰痛）併用薬（ノイロトロピン、トラムセット）、アドヒアランス△）S「リリカはダメだ。この薬はなんでこんな眠くなるよう作られているんだろうな。飲んだらもうたちまち眠くなるから、寝る直前にしている。同じ痛み止めでも、まだトラムセットの方が眠気はマシだわ。」,有,眠気,調剤薬局,+
779,アモバン錠10mg,患者像（女性、70代、無職、一人暮らし、既往歴（不安症、うつ病、骨粗鬆症、神経痛）、併用薬（バルプロ酸、スルピリド、オランザピン、ベルソムラ、エチゾラム、ランソプラゾール、モサプリド、マグミット、リリカ、セレコックス、エルデカルシトール、ツムラ酸棗仁湯）、一包化、アドヒアランス不安（整形他院受診、お薬手帳確認））S「私こちらの精神科以外にも、内科でずっと診てもらってるでしょう。そこで、この間眠れないからって処方してもらった薬がすごく効く気がするんです。ルネスタっていうんですが。」,有,アモバン×ルネスタ、ほぼ同じ成分での重複投与,調剤薬局,+
24,ネキシウムカプセル２０ｍｇ,患者像：20代、女性\n既往歴：なし\n併用薬：なし\nアドヒアランス：良好\nS：最近、お腹の痛みが続いていたので受診。一日中痛い気もするけど、特に仕事中に痛くなったりもする。食事の前とか、お腹が空っぽの時に痛くなるような気がする。先生はとりあえずこれ飲んでみてと。元々薬を使ったことがないから、今から不安。,無,なし,調剤薬局,-
172,ユリーフ錠,（男性、５０代，会社員，妻，異常なし，合併症，既往歴　前立腺肥大　高血圧、併用　アダラート　服薬アドヒアランス良好）\nS「前立腺肥大は前から言われていました。あんまり大きい声じゃ言えないけど最近夜の営みが上手くいかないんだ。なんか原因ってわかる？」,有,射精障害,調剤薬局,+
914,プラザキサカプセル110mg,患者像（女性、70代、主婦、夫婦2人暮らし、既往歴（不整脈、高血圧、狭心症）、併用薬（フロセミド、ジルチアゼム、ロサルタン、ジゴキシン）、アドヒアランス良好）S「ワーファリンと違ってビタミンKの制限も無いし、不整脈によく効く薬だからって、先日こちらのプラザキサに変更になったんですけどね。2週間くらいした時に血の痰が出たので病院に行きました。そうしたらあれよあれよのうちに入院になった。肺からなんか出血していて危なかったみたいです。怖いね。」,有,肺出血,調剤薬局,+
57,フェブリク錠１０ｍｇ,患者像：60代、男性\n既往歴：高血圧、脂質異常症\n併用薬：トライコア、ノルバスク\nアドヒアランス：良好\nS：いつも飲んでいて特に体調は変わらないかな。血圧も110とか。この前、足の指がちょっと痛くなったこともあったけど、そんなに気にならなかったから先生には特に言わなかった。今度血液検査だからその時にまた相談すればいいかな。,有,関節痛,調剤薬局,+
44,シナール配合錠,患者像：30代、女性\n既往歴：なし\n併用薬：ハイボン、ピドキサール、ユベラ、トサンサミン、ヒルドイド、ベピオ\nアドヒアランス：良好\nS：いつも飲んでいるものです。体調は特に変わりない。肌の調子もいいような気がしているけど、それでもニキビができたり、日によっては肌荒れしていることもある。べピオを使ったところが乾燥するけど、ヒルドイドを塗っていればそんなに気になるほどではない。,有,乾燥,調剤薬局,+
32,センノシド錠１２ｍｇ「サワイ」,患者像：70代、男性\n既往歴：認知症、高血圧\n併用薬：メマリー、アムロジン、レミニール、マグミット\nアドヒアランス：良好\nS：症状とかは特に変わんないかな。血圧も問題ないと言われてる。最近、お通じが出にくくなったような感じがあって。前はマグミットだけでうまくいってたけど、最近はそれでもうまく出なくなったように感じる。便秘するのが案外辛かったから、早めになんとかしたいんだけどね。,有,便秘,調剤薬局,+
819,ハルシオン錠0.25mg,患者像（女性、80代、無職、夫婦2人暮らし、既往歴（骨粗鬆症）、併用薬（リカルボン、エディロール、フロリードゲル）、アドヒアランス良好）S「昔から眠れない時はハルシオンが一番よ。私は処方してもらっていないけど、お父ちゃんがもらっているから、たまーにだけ飲んでいたの。そしたらこの間朝全然起きれなくて。いつもより数倍効いたような気がする。」,有,フロリードゲル×ハルシオン併用禁忌による、効果増強,調剤薬局,+
962,プレドニゾロン錠１ｍｇ（旭化成）,患者像（男性、20代、会社員、一人暮らし、既往歴なし、併用薬（ムコダイン、メプチン、ニポラジン）、アドヒアランス良好）S「咳がひどいって受診したら、ステロイドを処方されたんですけど、なんかこれ飲むと全然眠れないんです。ステロイドって咳くらいでも飲んだりするんですか?眠れないなら、なるべく飲みたくないんですが。」,有,不眠,調剤薬局,+
161,メトグルコ錠２５０ｍｇ,（女性、８０代，無職，施設入居，異常なし，合併症，既往歴　糖尿病、高血圧　併用　オルメテック、ラシックス　アルダクトン　マグミット　トラゼンタ　服薬アドヒアランス良好）\nS（施設職員）「体調は良く血液検査の結果で特に異常がないと医師に言われている。薬も一包化してくれているので飲み忘れも特にないです。ただ最近施設にセットしてある薬が、少し赤っぽくなっているような気がする。今度見に来てもらえますか？」,有,オルメテックと一包化で配合変化,調剤薬局,+
86,TC療法（ドセタキセル，シクロホスファミド）,患者像：60代、女性\n既往歴：乳がん\n併用薬：セレコックス\nアドヒアランス：良好\nS：今日は注射の日でした。注射の後は結構だるくなる感じがあります。吐き気は今のところ大丈夫です。前回の時、関節痛みたいな感じがありました。それを先生に話したら痛み止め飲んでいいよということになりました。痛くなり始めたら使えばいいですかね。,有,関節痛,調剤薬局,+
1009,セレコックス錠１００ｍｇ,患者像（10代，男性，既往歴なし，併用薬なし，アドヒアランス良好，捻挫し整形外科へ通院）\nS「痛み止めを飲んだら蕁麻疹が出ました．他に薬は飲んでいないし，いつもと変わったものを食べたわけではないです．飲むのをやめたら蕁麻疹がひいたので，これが原因だと思います．痛みはだいぶ治まっているので，飲み薬はやめて，痛かったら貼り薬を貼っておくように言われました．」,有,蕁麻疹,調剤薬局,+
6,リリカＯＤ錠２５ｍｇ,患者像：60代、男性\n既往歴：高血圧、高コレステロール\n併用薬：ノルバスク、クレストール、セレコックス、メチコバール\nアドヒアランス：不良\nS：腰の痛みが酷くなる時があるって話をしたら試してみましょうと。セレコックスもよく忘れるから、薬が増えても飲めるかな。そんなに痛み止め増やしても大丈夫なの。飲み続けていいものなのか不安だね。,無,なし,調剤薬局,-
871,リドメックスコーワ軟膏,患者像（男性、0歳、両親と3人暮らし、既往歴・併用薬（亜鉛華軟膏）、アドヒアランス良好）S「おむつかぶれがひどかったので、前もらった亜鉛華軟膏とこのリドメックスを薄く伸ばして使っていたんです。でもなかなか治らなくて。今日診てもらったらカビたったみたい。ステロイド使い続けていたから悪化したみたいなことを言われてショックだった。」,有,真菌感染,調剤薬局,+
206,キイトルーダ（ペプブロリズマブ）,患者像（７０代男性、既往歴（進行再発非小細胞肺がん）、併用薬（プレドニン）、アドヒアランス良好）\n肺癌と診断され、１度目の点滴を打ったが１週間くらいして皮疹が出るようになった。\n副作用ということなのでステロイドで様子を見ることになりました。,有,皮疹,病院（外来）,+
59,メトグルコ錠２５０ｍｇ,患者像：70代、女性\n既往歴：高血圧、糖尿病、脂質異常症\n併用薬：ジャヌビア、アクトス、ラシックス\nアドヒアランス：良好\nS：いつも飲んでいて特に体調は変わりない。でもHbA1cはもうしばらく下がっていない。7ぐらいだったと思う。先生からはいつも「運動して痩せなさい」と言われているけど、なかなかできていない。やっぱり好きなもの食べたいし、好きなことしていたいからね。,無,なし,調剤薬局,-
922,プロトピック軟膏,患者像（男性、20代、学生、一人暮らし、既往歴（アトピー性皮膚炎）、併用薬（マイザー、白色ワセリン、ネリゾナ）、アドヒアランス良好）S「アトピーに新しい軟膏を使ってみたんだけど、火照ってチクチクして、想像以上。先生は1週間で治まってくると言っていたけど、本当にこれが治るのか。顔も赤くて外に出るのも躊躇われる。」,有,使用開始時の灼熱感,調剤薬局,+
75,ユリーフ錠,患者像：70代、男性\n既往歴：前立腺肥大症、高血圧\n併用薬：アジルバ、アボルブ\nアドヒアランス：良好\nS：最近、寒くなってきたせいか、血圧がちょっと高め。先生はとりあえずこのままで様子を見ましょうと。ユリーフは前回から服用しているもの。ちょっと口の渇きが気になるような感じはあったけど、それほどでもないから大丈夫。,有,口渇,調剤薬局,+
989,ザイザルシロップ０．０５％,患者像（男性、3歳、両親と3人暮らし、既往歴なし、併用薬なし、卵アレルギー、アドヒアランス良好）S「母親：卵アレルギーの関係で皮膚が弱くて。この間皮膚科で軽度アトピーと診断されました。そこでエピナスチン顆粒というものをもらって毎日飲んでいたんです。そんな中、前回こちらでもらった風邪の薬（メジコン、カルボシステイン、ザイザル）を一緒に飲んだら、子供が保育園でフラフラしていたらしいんです。」,有,エピナスチンとの重複投与によるふらつき・眠気,調剤薬局,+
1010,デパス錠０．５ｍｇ,患者像（女性，20代，会社員，独身，多忙のため近隣の内科を受診，既往歴なし，併用薬なし，アドヒアランス不良）\nS「会社に行くのに不安感が強くて飲み始めたけど，飲むと眠気がひどいです．会議中にうとうとしてしまったり，仕事にならないんです．先生に相談して昼の分を無くしてもらったけど，朝は飲むからやっぱり眠気が出てしまいます．先生にこれ以上言いにくくて勝手に飲まない日もあります．夜は飲んだらすぐに寝るので特に問題ないです．」,有,眠気,調剤薬局,+
4,デパス錠０．５ｍｇ,患者像：20代、女性、独身。社会人になって状況したばかり\n既往歴：なし\n併用薬：なし\nアドヒアランス：良好\nS：いつも飲んでいるものです。最近調子悪くなることが多く、以前から医師に言われている通りに寝る前に増やして服用したら、翌日もすごく眠くて仕事になりませんでした。その後夕方くらいにはいつも通り生活できるくらいにはなりました。,有,眠気（持ち越し効果）,調剤薬局,+
153,バイアスピリン錠１００ｍｇ,（男性、６０代，会社員，妻，異常なし，合併症，既往歴　心筋梗塞　不整脈　高血圧、併用　メインテート、ザクラス、プラビックス、ワーファリン　服薬アドヒアランス良好）\nS「数年前に心筋梗塞で入院していた。手術もしたんです。それから血液サラサラの薬を飲んでいます。半年に１度血液検査をしてきたが、腎臓の機能が少し落ちていると先生に言われた。」,有,腎機能障害,調剤薬局,+
154,バイアスピリン錠１００ｍｇ,（男性、７０代，無職，妻，異常なし，合併症，既往歴　脳梗塞、併用　プレタール　ロキソニン　服薬アドヒアランス良好）\nS「脳梗塞で倒れて以来、この薬飲んでいて安定しています。前回受診後すぐに転んでしまい、足首のねん挫で整形外科を受診しました。そこで痛み止め貰って飲んでいる。最近どうも胃がムカムカしているのと便が黒くなったのが気になる」,有,胃潰瘍　上部消化管出血,調剤薬局,+
860,オキシコドン徐放カプセル5mg「テルモ」,患者像（男性、50代、会社員、夫婦2人暮らし、既往歴（胃がん）、併用薬（カロナール、ファモチジン、トラマール、ノバミン、センノシド、酸化マグネシウム、オキノーム散）、アドヒアランス良好）S「妻：痛みは日によりけりのようです。ただ、吐き気が辛そう。院内で抗がん剤受けていた時よりはマシですけど。」,有,吐き気,調剤薬局,+
918,タリージェ錠,患者像（女性、30代、自営業、一人暮らし、既往歴（椎間板ヘルニア）、併用薬（ロキソプロフェン、レバミピド、ドンペリドン）、アドヒアランス良好）S「タリージェを飲み始めてすぐに頭痛と吐き気があった。ヘルニアの腰痛と痺れも残っているのでダブルで辛かった。吐き気止めと頭痛の薬で今はなんとかコントロールできているけど。強い薬だから仕方ないね。痛みはマシになるので、我慢して飲みます。」,有,頭痛、吐き気,調剤薬局,+
48,エンシュア・リキッド,患者像：20代、男性\n既往歴：なし\n併用薬：なし\nアドヒアランス：良好\nS：虫垂炎で手術をしました。まだ食欲がなかったので医師に話したら、まずはこれからゆっくり始めましょうということになりました。正直、もっと食べたいですが、術後なのでしょうがないですね。手術したところはまだ結構痛みます。昨晩も痛み止めと睡眠薬でようやく眠れました。,無,なし,病院（病棟）,-
813,ファモチジンD錠20mg「サワイ」,患者像（女性、30代、会社員、子供2人と夫の家族4人暮らし、既往歴・併用薬なし、アドヒアランス良好）S「この間胃が少し痛むということで、ファモチジンを飲んだんですが、あれを飲んでしばらくしたら急にひどい風邪をひいて。子供の風邪をもらったのかな？くらいに思っていたんですが、内科を受診し、念のために行った血液検査で白血球とか好中球？がすごく低かったらしい。大きな病院にも行って検査して、大変でした。ファモチジンのせいかどうか確証はないけれど、念のため今後は飲まないよう言われました。」,有,白血球減少,調剤薬局,+
74,ユリーフ錠,患者像：60代、男性\n既往歴：前立腺肥大症、糖尿病\n併用薬：イニシンク\nアドヒアランス：良好\nS：特に体調は変わりない。運動して痩せなさいと言われてるけどなかなかできないよね。仕事もやってるからなんとか薬だけでも継続してる。HbA1cは6.8　先生はもう少しがんばりましょうって。おしっこの出もそんなに変わりない。,無,なし,調剤薬局,-
164,アデホスコーワ顆粒１０％,（女性、２０代，会社員，夫　，異常なし，合併症，既往歴なし　、併用　メリスロン，　服薬アドヒアランス良好）\nS「めまいで飲み始めることになりました。子供が欲しいので妊活中です。めまいの薬は続けて飲んでもいいのでしょうか。なんか良くない薬もあるってネットで見たんです。気にしすぎですかね。」,有,妊婦は投与しないことが望ましい,調剤薬局,+
778,アモバン錠10mg,患者像（男性、70代、無職、夫婦2人暮らし、既往歴（前立腺肥大、高血圧）、併用薬（タムスロシン、シルニジピン、バルサルタン）、アドヒアランス良好）S「前からもらっているこのアモバンって薬なんだけど、飲む力が衰えてきているからか、前より苦味が強く感じる。なんか飲んだ後から苦味が上がってくる感じでしんどい。」,有,苦味,調剤薬局,+
35,チラーヂンＳ錠５０μｇ,患者像：30代、女性\n既往歴：なし\n併用薬：アンジュ\nアドヒアランス：良好\nS：もう何年も飲んでいます。副作用が出たことはない。症状も、飲む前は疲労感が合ったり、食欲が無くなったりしていたけど、飲み始めてからはそういった症状は出てない。検査も半年に1回くらいしている。,無,なし,調剤薬局,-
65,ザイザルシロップ０．０５％,患者像：3歳、男児\n既往歴：なし\n併用薬：ロコイド、リンデロンVG、ヒルドイド\nアドヒアランス：良好\nS：最近、よく寝ながら掻いているので受診しました。強く皮疹があるようではないですけど、痒みがあるようです。薬はそんなに飲ませたことがないので、ちゃんと飲んでくれるか不安です。,無,なし,調剤薬局,-
1011,リリカＯＤ錠２５ｍｇ,患者像（女性，80代，独居，既往歴なし，併用薬なし，帯状疱疹後疼痛で皮膚科に通っている，アドヒアランス良好）\nS「帯状疱疹のあとのピリピリとした痛みで飲んでいるけど，なかなか良くならないね．ふらつきだったり眠気はないよ．今まで大きな病気したことないから今回は結構しんどい．あんまり動かなくなったせいか，足が浮腫むようになって靴下の型がとれにくいことが多くなった．」,有,浮腫み,調剤薬局,+
78,AC療法（ドキソルビシン，シクロホスファミド，パクリタキセル）,患者像：60代、女性\n既往歴：乳がん\n併用薬：イメンド、デカドロン、プリンペラン、シプロキサン\nアドヒアランス：良好\nS：昨日、なんだかだるい感じがあって、しばらく様子を見ていたんだけど、お昼になって38度を超えてきた。指示通り抗生剤をのんだ。夕方になってもうどうしようもないくらい辛い感じがあったので連絡したら入院してくださいと。今は点滴を入れてもらって少し楽になってきました。,有,白血球減少、発熱,病院（病棟）,+
121,マグミット錠３３０ｍｇ,（女性、３０代，主婦，夫　子１人，異常なし，合併症の無，既往歴　妊娠高血圧、併用なし，服薬アドヒアランス良好）\nS「元々快便だったのですが一昨年に長男を妊娠中に便秘がちになったんです。出産後も便秘がちで薬もらって飲んでいます。最近は痛みはないんですが水っぽくて。減らして飲んでもいいんですか？」,有,下痢,調剤薬局,+
783,アトモキセチンカプセル10mg「サワイ」,患者像（女性、10代、小学生、姉と両親の4人暮らし、既往歴なし、併用薬（ツムラ小建中湯）、アドヒアランス良好）S「母親：ストラテラを飲むと少し気持ち悪く、吐き気が出るみたいで飲むのを嫌がります。継続して飲まないと意味がないのに。漢方を出してもらっているのですが、うまくいかず。違う薬に変えてもらったほうがいいのかしら。」,有,吐き気,調剤薬局,+
781,アトモキセチンカプセル10mg「サワイ」,患者像（男性、10代、小学生、親子3人暮らし、既往歴・併用薬なし、アドヒアランス良好）S「母親：衝動性が強くて。コンサータを飲んでいた時よりは持続時間が長くて助かる。ただ、コンサータより頭痛が起きるらしく、たまに辛い時があると言っています。」,有,頭痛,調剤薬局,+
806,ニトロペン舌下錠,患者像（男性、60代、会社員、夫婦2人暮らし、既往歴（狭心症）、併用薬（アムロジピン、ワソラン、バイアスピリン）、アドヒアランス良好）S「この間初めて会社でニトロペンを使ったよ。そしたら胸の痛いのは治ったんだけど、急に目眩と吐き気がして。それもほどなく落ち着いたんだけど、部下には心配かけたよ。」,有,目眩、吐き気,調剤薬局,+
997,ユリーフ錠,患者像（男性、70代、警備員、夫婦二人暮らし、既往歴（高血圧）、併用薬（アムロジピン、テルミサルタン）、アドヒアランス良好）S「前立腺の薬飲み始めてから、なんだか朝がしんどくてな。元から高血圧で薬も飲んでいるんだけど、確かに朝の値が低くなってる気がする。ユリーフって血圧下げる薬じゃないよね?BP：朝94/68」,有,起立性低血圧,調剤薬局,+
846,ロトリガ粒状カプセル,患者像（男性、60代、会社員、夫婦2人暮らし、既往歴（高血圧、脂質異常症）、併用薬（カデュエット配合錠）、アドヒアランス良好）S「この間からもらっている、この粒つぶの薬。これを飲むと下痢になったりする？なんかここ最近緩いんだよなあ。」,有,下痢,調剤薬局,+
80,FEC療法（フルオロウラシル，エピルビシン，シクロホスファミド）,患者像：50代、女性\n既往歴：乳がん\n併用薬：イメンド、デカドロン、プリンぺらん\nアドヒアランス：良好\nS：今日は2回目でした。今日はすごく気持ち悪い感じがあります。前回は思ったほどではなかったですが。食欲がなければ食べなくてもいいのでしょうか。空腹で薬を飲んでもいいですか。あとで追加分の吐き気どめも飲もうと思います。注射のところが痛んだりは特にないですね。発熱もないです。,有,悪心嘔吐,調剤薬局,+
116,ミヤＢＭ錠,（女性、１０代，両親，兄１人，異常なし，合併症の無，既往歴なし、併用クラリス錠、メジコン錠，服薬アドヒアランス良好）\nS「この前風邪ひいて薬もらって飲みました。風邪は良くなってきたけど下痢になっちゃって。抗生物質は最後まで飲んでくださいと言われたし飲んでいるんだけど、どうすればいいでしょうか。」,有,併用薬での下痢,調剤薬局,+
18,カルボシステイン錠５００ｍｇ「トーワ」,患者像：50代、男性\n既往歴：高血圧\n併用薬：アムロジン、クラリス、アレロック、アラミスト点鼻\nアドヒアランス：良好\nS：ずっと鼻水が続いていて、最近は鼻詰まりもひどくなってきたので受診した。鼻水は濃い黄色で粘っこい感じ。喉の方にも落ちてくる感じがある。鼻詰まりのせいで寝る時も苦しい。元々花粉症でもないから、風邪の延長で拗らせたのでしょうとのことでした。,無,なし,調剤薬局,-
68,ツムラ大建中湯エキス顆粒（医療用）,患者像：60代、男性\n既往歴：胃がん\n併用薬：アムロジピン、ロキソニン\nアドヒアランス：良好\nS：お腹の切除をしました。まだ手術あとが痛みますね。体を動かすと結構痛みます。痛み止めは痛い時にという話でしたけど、結局今は1日3回飲んでますね。手術したばかりなのでまだご飯は出ないみたいですけど、薬は始めるんですね。ちゃんと飲めればいいですけどどうなんでしょうか。,無,なし,病院（病棟）,-
920,イクセロンパッチ9mg,患者像（女性、80代、無職、夫婦2人暮らし、既往歴（認知症、狭心症）、併用薬（ビソプロロール、ニコランジル、アムロジピン、マグミット、ランソプラゾール、ビオフェルミン、テプレノン、メチコバール）、日付印字一包化、アドヒアランス良好）S「夫：この間まで飲んでいたドネペジルではお腹が痛いと言っていたので、貼り薬に変えてもらったんです。ただ、こちらの薬でも気持ち悪いと言っていて、食欲がないみたいです。」,有,悪心、食欲減退,調剤薬局,+
8,リリカＯＤ錠２５ｍｇ,患者像:70代、女性\n既往歴:脂質異常症\n併用薬:ロスバスタチン錠2.5mg\nアドヒアランス:良好\nS:腰から足にかけての痛みがひどくてこの薬を飲むまでは3分も歩けなかった。今は30分位は歩けるようになりました。魔法のような薬だって、お友達に話しています。眠気は多少ありますが、歩けるようになるのが本来の目的だったのでこれくらいは大丈夫です。,無,なし,調剤薬局,-
157,フェブリク錠１０ｍｇ,（男性、３０代，会社員，独身，異常なし，合併症，既往歴　高尿酸血症、併用　なし　服薬アドヒアランス良好）\nS「数年前の健康診断で尿酸値が高いことを指摘されてこの薬飲み始めました。定期的に血液検査はしています。今回ALT？ってやつ？がどうも高いみたい。まだ様子見と言われたけどちょっと不安なんだよね」,有,肝機能障害,調剤薬局,+
812,テルネリン錠1mg,患者像（女性、40代、パート、子供2人と夫の家族4人暮らし、既往歴（高血圧）、併用薬（アムロジピン、バルサルタン、ツムラ桂枝茯苓丸、エチゾラム）、アドヒアランス良好）S「更年期障害がひどい。イライラするし、ホットフラッシュは度々おこるし。肩こりも辛い。そこで、前回出してもらったテルネリンなんですが、あれを飲むと眠くなってパートに支障が。もう何もかもうまくいかない。」,有,眠気,調剤薬局,+
963,エディロールカプセル０．７５μｇ,患者像（女性、90代、主婦、娘夫婦と3人暮らし、既往歴（高血圧、神経痛、骨粗鬆症、緑内障）、併用薬（ブロプレス、メチコバール、リリカ、フォサマック、キサラタン点眼）、アドヒアランス良好）S「私自身別に何も感じていないんだけど、先生が、血液検査の値を見て、エディロールはやめておいた方がいいかもっておっしゃるんです。何やらカルシウムが高いとかって。Ca：12mg/dl」,有,高カルシウム血症,調剤薬局,+
968,メチコバール錠５００μｇ ０．５ｍｇ,患者像（男性、70代、無職、夫婦二人暮らし、既往歴（椎間板ヘルニア）、併用薬（ノイロトロピン、サインバルタ、タリージェ、エペリゾン、カロナール）、アドヒアランス良好）S「とにかく腰が痛いのがストレス。リリカは眠気がひどいから新しいタリージェに変えてもらったけど、それでも眠いね。なんか他にも眠気出る薬飲んでる?」,有,サインバルタ、タリージェ、エペリゾン服用による眠気,調剤薬局,+
191,トラネキサム酸錠２５０ｍｇ「ＹＤ」,患者像（６０代男性、既往歴（乾癬）、併用薬（シクロスポリン 、プレドニン、ドボネックス軟膏、クラリスロマイシン、カルボシステイン）\n風邪で受診したときに出た薬を飲むようになってから、乾癬の症状が悪化してきている気がする。\n痒みも出ているし、皮膚に白いプツプツしたものができて生きている。\n先生にはまだ相談していないけど風邪の薬は一旦飲むのをやめている,有,膿疱性乾癬,調剤薬局,+
207,ベージニオ（アベマシクリブ）,患者像（５０代女性、既往歴（乳がん）、併用薬（フェマーラ、ロペミン）、アドヒアランス良好）\n乳がん治療を継続していますが、相変わらず副作用の下痢が続いています。\n下痢止めを飲めばその時は治るけど時間が経つとまた緩くなってしまいます。\nとりあえずは水分補給をしながら様子を見ています。,有,下痢,病院（外来）,+
135,エディロールカプセル０．７５μｇ,（女性、８０代，無職，夫，異常なし，合併症，既往歴　骨粗しょう症、高血圧、脂質異常症併用　併用　レニベース、リバロ、タケプロン、ビビアント　服薬アドヒアランス？）\nS「飲み忘れとかはないですね。飲むやつまとめて袋に入れてもらってるからだよ（一包化）。ありがとうございます。最近少しおなかが痛いの。今日先生にも言って血液検査してもらった」,有,高カルシウム血症,調剤薬局,+
888,アイラミド配合懸濁性点眼液,患者像（女性、80代、主婦、夫婦2人暮らし、既往歴（白内障、緑内障、高血圧、骨粗鬆症）、併用薬（カリーユニ点眼、シルニジピン、マグミット、ボナロン）、アドヒアランス良好）S「この間からこのアイラミドという目薬に切り替わったでしょう。前まで使っていたブリンゾラミドに成分が加わったやつって。目が真っ赤になるんですけど。これは新しい成分のせいね。痛くはないよ。ただお友達にびっくりされるから。」,有,充血,調剤薬局,+
62,アデホスコーワ顆粒１０％,患者像：40代、女性\n既往歴：なし\n併用薬：イソバイド、メリスロン、ムコスタ、ナウゼリン\nアドヒアランス：良好\nS：めまいの症状で受診するのは初めてです。2日前くらいからめまいがし始めていた。吐き気がするときもある。あまり薬を飲むタイプではないので、こんなに飲むのかと不安です。シロップもこんなにあるんですね。,無,なし,調剤薬局,-
1023,ワーファリン錠１ｍｇ,患者像（男性，70代，息子家族と同居，既往歴（心不全，心筋梗塞），併用薬（ビソプロロール，フロセミド，イミダプリル），アドヒアランス良好）\nS「ぶつけた記憶がないところにいくつかあざができていて，これはもしかしてと思って受診しました．今までも数値が少し変わることはあったけど，PT-INRがこんなに高かったのは初めてです．今回から減量して様子見ることになりました．今回は処方日数いつもより短めで，次に病院行ったときにまた血液検査します．」,有,出血傾向,調剤薬局,+
869,リドメックスコーワ軟膏,患者像（女性、20代、姉と二人暮らし、既往歴・併用薬なし、アドヒアランス良好）S「祖母から何かあったときに塗ればいい、とステロイドをもらっていました。顔にニキビができたり、荒れ気味になった時にこれを薄く塗るときれいになっていたので、おまじないのように使っていた。それがいけなかったようで、皮膚科で止めるよう言われたら顔が真っ赤になって爛れてきた。辛い。」,有,長年にわたるステロイドの間違った使用方法による脱ステロイド現象（肌荒れ）,調剤薬局,+
872,ベタニス錠50mg,患者像（女性、20代、弟と両親の4人暮らし、既往歴・併用薬なし、アドヒアランス良好）_x000B_S「おしっこの出が悪いと相談したらこの薬を出されました。初めて飲む薬。え？あまりよくないの？ちょっと時間ないし、また先生に聞いておいて。→疑義紹介の結果変更→1嬢錠飲んじゃった。でも別に大丈夫でしょ。じゃあ変えてもらいに薬局行きます。」,有,警告「生殖可能な年齢にはできる限り避けること」→1錠服用,調剤薬局,+
821,ハルシオン錠0.25mg,患者像（女性、70代、無職、夫婦二人暮らし、既往歴（不安症）、併用薬（デパス、ロゼレム）、アドヒアランス良好）\nS「この間、夜トイレに起きたときにふらついて転倒しました。そしたら先生がハルシオンはあまり眠りに対して良くないって言うんです。ただ、私は長年これにお世話になっているから、これでないと眠れない気がして違う薬にするのが怖い。」　,有,ふらつき,調剤薬局,+
972,エンシュア・リキッド,患者像（男性、20代、アルバイト、一人暮らし、既往歴（うつ病）、併用薬（レクサプロ、エチゾラム、ゾルピデム）、アドヒアランス良好）S「最近食欲がなくて、先生からもらったこのエンシュアっていうやつも、飲むとなんだかお腹が緩くなる。飲み方?あんまり美味しくないから、冷やして一気にグッと飲んでいる。」,有,エンシュアを一気に飲むことでの下痢,調剤薬局,+
19,カルボシステイン錠５００ｍｇ「トーワ」,患者像：30代、男性\n既往歴：なし\n併用薬：クラビット、ポンタール、\nアドヒアランス：良好\nS：昨日から鼻とのどの間が痛くて、しみる。先生は喉も真っ赤だと言われた。上咽頭炎とのことでした。Bスポット療法をやってもらったけど、ものすごく痛いですね。早く痛み止めが飲みたいくらいです。でも、話せないと仕事にならないので我慢してやってよかったです。,無,なし,調剤薬局,-
194,フェブリク錠１０ｍｇ,患者像（３０代男性、既往歴（潰瘍性大腸炎）、併用薬（イムラン、アサコール）、アドヒアランス不良）\n潰瘍性大腸炎の症状が悪化してきたからしばらくサボっていた薬を再開して、免疫抑制剤も飲まないといけなくなってしまった。\n尿酸の薬を飲んでいることは消化器の先生には言っていない。\n潰瘍性大腸炎の薬飲み始めてから症状が悪化しているような気がする。\n貧血もひどいし血便も出るようになってしまった。,有,イムランとの相互作用,病院（外来）,+
26,ネキシウムカプセル２０ｍｇ,患者像：80代、男性\n既往歴：高血圧、糖尿病、\n併用薬：アムロジン、メトグルコ、アマリール\nアドヒアランス：良好\nS：血圧は特に変わらないかな。120/80くらい。食事も気をつけているけど、日によってできたりできなかったりがある。妻に言われて分かったんだけど、ちょっともの忘れが増えたようです。前に使っていたガスターによる副作用かもしれないと言われたので、今回変更になりました。,無,なし,調剤薬局,-
960,プレドニゾロン錠１ｍｇ（旭化成）,患者像（女性、50代、パート、子供3人と夫の5人暮らし、既往歴（関節リウマチ、高尿酸血症）、併用薬（リウマトレックス、リマチル、フェブリク）、アドヒアランス良好）S「リウマチの関係でステロイドを飲まないといけないのは分かるんですが、どうしてもこの顔の丸くなるのが気になるんですよね。先生にステロイド減らしてくれって言ってもなかなか難しいみたい。」,有,ムーンフェイス,調剤薬局,+
1002,ノルバデックス（タモキシフェン）,患者像（女性、50代、会社員、一人暮らし、既往歴なし、併用薬（アデホス顆粒）、アドヒアランス良好）S「ノルバデックス開始してから目眩を感じるようになりました。先生に相談して、さしあたってアデホスをもらっていますが、あまり改善が見られません。仕事にも支障があるので辛いです。」,有,目眩,調剤薬局,+
835,ラタノプロスト点眼液「TOA」,患者像（女性、70代、主婦、夫婦二人暮らし、既往歴（高血圧、乳がん）、併用薬（アムロジピン、イルべサルタン、レトロゾール、テプレノン、ファモチジン、マグミット、ミケラン点眼、ヒアロンサン点眼）、アドヒアランス良好）S「しっかり洗っているつもりでも、この目薬を長いこと使っていると、目の周りが黒くなってくるね。歳のせいもあるのかもしれないけど。」,有,色素沈着,調剤薬局,+
859,オキシコドン徐放カプセル5mg「テルモ」,患者像（男性、80代、無職、夫婦2人暮らし、既往歴（前立腺肥大、肝臓がん）、併用薬（ロキソニン、トラマール、ノバミン、酸化マグネシウム）、アドヒアランス良好）S「先生が処方間違えたって言って、5mgのところ20mgのものを飲んでいたんです。そしたら急に意識が無くなり、呼吸も少なくて。急いで救急車を呼びました。謝ってくれたけど怖いね。薬局も気づかなかったのかしら。怖いからもうあの薬局には行かない。」,有,過量投与による呼吸抑制・意識消失,調剤薬局,+
1022,エンシュア・リキッド,患者像（男性，80代，妻と娘と同居，既往歴（食道がんで全摘），腸ろう造設済み）\nS「口から食事を摂るようにできるだけ頑張っているんですけど，なかなか量を取れないのでエンシュアも入れてます．最近，エンシュアの量を増やしたら下痢をするようになって．病院の栄養士さんに相談すると，もっとゆっくり入れたり，回数を分けられるなら分けてもいいと言われました．」,有,下痢,調剤薬局,+
801,メマリー錠10mg,患者像（女性、80代、無職、夫婦二人暮らし、既往歴（関節リウマチ）、併用薬（メトトレキサート、フォリアミン、セレコキシブ、ブシラミン、ドネペジル、ランソプラゾール、レバミピド、ツムラ抑肝散）、一包化、薬旦那さん管理、アドヒアランス良好）S「夫：薬は僕が管理しているんですが、最近飲んだ、飲まなかったとよく怒られるんです。おそらく認知症の加減でそうなっているんだとは思うんですが。今まで高血圧だけは無縁だったんですが、メマリーを増量しているせいか、血圧が上がっているみたいで。ついに降圧剤が始まりました。BP：150/90」,有,血圧上昇,調剤薬局,+
186,ウルソデオキシコール酸錠１００ｍｇ「サワイ」,患者像（７０代男性、既往歴（高血圧）、併用薬（アムロジピン、フロセミド）、アドヒアランス良好）\n肝機能の数値が少し悪くなってしまったので薬が増量になってしまった。\n１週間くらい飲んでいるけどだんだんお腹が緩くなってきている気がする。,有,下痢,調剤薬局,+
883,パルモディア錠,患者像（女性、50代、主婦、夫婦二人暮らし、既往歴（高血圧、糖尿病）、併用薬（ユベラ、アジルバ、ロスバスタチン、ルセフィ）、アドヒアランス良好）S「中性脂肪も高いけれど、脂肪肝になっているらしく、そちらの方が問題みたい。新しく出た薬が脂肪肝に効くと聞きました。ただ、この薬のせいなのかまた血糖値が上がって、薬を飲まないといけなくなったのが悲しい。もともと糖尿予備軍だったので、仕方ない。まずは痩せないとね。」,有,血糖値上昇,調剤薬局,+
999,アリミデックス（アナストロゾール）,患者像（女性、60代、パート、夫婦2人暮らし、既往歴（高血圧、脂肪肝、喘息、乳がん）、併用薬（アドエア、アジルバ、パルモディア）、アドヒアランス良好）S「乳がん自体は手術で切除できたみたいなんだけど、このアナストロゾール飲んでから肩が痛くて。五十肩かもしれないんだけど、辛いわ。ロキソニンを飲んだら治るから、2〜3日に1回は飲んでる。」,有,関節痛,調剤薬局,+
1005,フェマーラ（レトロゾール）,患者像（女性、60代、主婦、夫婦二人暮らし、既往歴（糖尿病）、併用薬（カナグル、メトグルコ）、アドヒアランス良好）S「フェマーラを飲み始めて、体の痛みが出てきたのは、なんとか我慢していたんですが、今回の血液検査で肝臓の数値が悪くなっていたって。ウルソという薬が出されました。肝臓が悪くなるなんて怖いわ。この薬を飲み続けて大丈夫なのかしら。」,有,肝機能悪化,調剤薬局,+
21,ミヤＢＭ錠,患者像：40代、男性\n既往歴：なし\n併用薬：セレキノン、タケキャブ\nアドヒアランス：良好\nS：逆流性食道炎があり半年前から服用している。ずっと飲んでいたんだけど最近になってお腹の調子が良くない日があったり、下痢気味の日があったりしていることを先生に話したら、整腸剤を変えてみましょうということになった。,無,なし,調剤薬局,-
193,バイアスピリン錠１００ｍｇ,患者像（７０代男性、既往歴（内頸動脈狭窄症：ステント留置、高血圧）、併用薬（アムロジピン、ラベプラゾール）、アドヒアランス良好）\nステント入れる手術しました。\n血液をサラサラにする薬と血圧の薬と一緒に胃薬も飲んでいるけど、どうも胃の調子が悪い。食べ物食べると痛くなるし、吐くほどではないけれど気持ち悪さも少し出る。,有,胃潰瘍,調剤薬局,+
81,FEC療法（フルオロウラシル，エピルビシン，シクロホスファミド）,患者像：50代、女性\n既往歴：乳がん\n併用薬：イメンド、デカドロン、プリンぺらん、デキサルチン口腔用軟膏\nアドヒアランス：良好\nS：前回の注射から、口内炎が出るようになりました。今は少し落ち着いたので、ご飯は食べられる。看護師さんから説明があったように口の中は常に清潔にするように心がけています。口内炎の薬は前にも使ったことがあります。食事は楽しみの一つなので、楽しめなくなるのは辛いですね。,有,口内炎,調剤薬局,+
166,ザイザルシロップ０．０５％,（女性、５歳，幼稚園，両親　，異常なし，合併症，既往歴なし　、併用　シングレア細粒、　服薬アドヒアランス良好）\nS（保護者）「アレルギー性鼻炎と言われて飲んでいます。そこまでひどい症状ではないんですけど、やっぱり気になりますね。毎年この時期だけはね。眠気とかもあるって聞いたけど特にそんな様子はないです。ただ最近よく水を飲むんです。まぁ水分摂るのはいいことですよね。」,有,口喝,調剤薬局,+
20,カルボシステイン錠５００ｍｇ「トーワ」,患者像：30代、男性\n既往歴：なし\n併用薬：メイアクト、タリオン、タリビット点耳\nアドヒアランス：良好\nS：耳が痛くなったので受診しました。大人になってから中耳炎になるとは思わなかったですね。熱は特に出てないです。耳に薬を入れるのは初めてです。直接見えるわけじゃないので大変そうですね。抗生剤も特に副作用の経験はないです。,無,なし,調剤薬局,-
838,ベルソムラ錠15mg,患者像（男性、60代、無職、夫婦2人暮らし、既往歴（心筋梗塞、高血圧）、併用薬（エフィエント、バイアスピリン、ニコランジル、リマプロスト、ニフェジピン、フロセミド、スピロノラクトン）、アドヒアランス良好）S「風邪をひいたら長引いちゃって。結局耳鼻科にまで行く羽目になった。そこでもらった薬まだ2日分あるわ。なんだったかな。お薬手帳より（クラリスロマイシン、カルボシステイン、ツムラ麻黄附子細辛湯、ツロブテロールテープ）。最近風邪だからか、ほとんど寝てたし、眠気については特に感じなかったけどね。」,有,クラリスロマイシン×ベルソムラ併用禁忌によるベルソムラの薬効増強,調剤薬局,+
144,エンシュア・リキッド,（男性、７０代，無職，妻異常なし，合併症，既往歴　高血圧　高尿酸血症　、併用アジルバ、アムロジン、フェブリク，服薬アドヒアランス良好）\nS「最近食欲がなくて疲れてぐったりとすることが多い。あまり食事食べれないです。それでこれをだしてもらったんだ。味も色々もらっているから飽きずに飲めていますよ。けどこれ飲んでから少し便が緩くなった気がする。関係あるのかな」,有,下痢,調剤薬局,+
900,エブトール錠,患者像（女性、40代、主婦、娘と夫の3人暮らし、既往歴なし、併用薬（イソニアジド、リファンピシン）、アドヒアランス良好）\nS「コンタクトが着色するかもって聞いていたけれど、確かに若干オレンジがかっている気がする。1dayに切り替えるつもりではあるんですが、まだ2weekが結構残っていてもったいなくて。これって着色したまま使用していると問題ありますかね？」,有,リファンピシンによるコンタクトの着色,調剤薬局,+
33,ウルソデオキシコール酸錠１００ｍｇ「サワイ」,患者像：70代、女性\n既往歴：高血圧、脂質異常症、糖尿病\n併用薬：イルアミクス、クレストール、アクトス、ジャヌビア\nアドヒアランス：良好\nS：血圧は大きく変わらないけど、家で測るよりも先生のところで測ったほうが高く出る。もっと痩せましょうと言われているけど、この歳じゃそんな気にもならないわよね。検査ち値は2、3ヶ月に1回やってもらっているけど、特に何も指摘されてない。,無,なし,調剤薬局,-
878,セレスタミン配合錠,患者像（男性、30代、会社員、既往歴（アトピー皮膚炎）、併用薬（ドレニゾンテープ、ヒルドイド、ネリゾナユニバーサル、プロトピック）、アドヒアランス良好）S「アトピーがひどいから、その辺の抗アレルギー薬では全然効かない。セレスタミンを昔から飲んでいる。眠気や便秘もあるけど、もう慣れているからうまく付き合ってるよ。車の運転絶対ダメってわけでもないでしょ。」,有,眠気、便秘,調剤薬局,+
202,TC療法（ドセタキセル，シクロホスファミド）,患者像（４０代女性、既往歴（乳がん）、併用薬なし、アドヒアランス良好）\n治療を開始して２ヶ月経ちます。はじめの頃のひどい吐き気や、１ヶ月経った頃のひどい下痢はだいぶ落ち着いてきた気がします。\n最近は手足がひどく浮腫むような感じがあって、少し手足も痺れる感じがあります。,有,浮腫、痺れ,病院（病棟）,+
782,アトモキセチンカプセル10mg「サワイ」,患者像（男性、30代、無職、両親と3人暮らし、既往歴（うつ病）、併用薬（インチュニブ、リスパダール、モサプリド、ビオフェルミン、レクサプロ）、一包化、アドヒアランス良好）S「アトモキセチンの量を増減して様子を見ていますが、それにより食欲の上下も激しい。どうしてもアトモキセチンの量が増えると、食欲が湧かないです。意識して食べるようにしています。」,有,食欲減退,調剤薬局,+
1003,ノルバデックス（タモキシフェン）,患者像（女性、60代、主婦、夫婦二人暮らし、既往歴（高血圧、再燃を繰り返す逆流性食道炎）、併用薬（タケキャブ、アジルバ）、アドヒアランス良好）S「タモキシフェンを服用していると、更年期障害のような火照りがきつい。友達はホルモン剤を変更してもらったらマシになったと言っていた。私も変更して欲しい。」,有,火照り,調剤薬局,+
957,チラーヂンＳ錠５０μｇ,患者像（女性、50代、主婦、子供2人と夫の4人家族、既往歴（甲状腺機能低下症）、併用薬なし、アドヒアランス良好）S「チラーヂンの量を調節しているところですが、前回1錠増やしたことで、汗をよくかくというか、火照る感じが強いです。やっぱり0.5錠減らしてもらおうかな。」,有,発汗・火照り,調剤薬局,+
891,アルピニー坐剤,患者像（男性、0歳、保育園、姉と両親の4人暮らし、既往歴・併用薬なし、アドヒアランス良好、体重：7kg）S「母：急に39度後半まで熱が出てきちゃって。祝日で病院も空いていなかったから、お姉ちゃんでもらっていた座薬を使ったんです。ネットを見ると3/4に切ったらいいと書いてあったから、そうしたらだいぶ熱が下がっちゃって。35℃台まで。きつかったんですかね。（アルピニー200mgのものを使用した模様）」,有,過量投与による体温降下,調剤薬局,+
578,アムロジピンＯＤ錠５ｍｇ「トーワ」,患者像（男性，50代，会社員，妻と子供，既往症（高血圧），併用薬（ディオバン），アドヒアランス不良）\nS「健康診断で血圧が160/100で高血圧と診断された。病院で薬を出してもらって飲んだら軽いめまいとふらつきが出るようになって。自宅で血圧を測ったら80/50まで急激に低下していた。薬が効きすぎていたようだ。薬をジュースで飲んでいたんだけど、成分を見たらグレープフルーツが入っていたんだ。そのせいで薬の効果が強く出てしまったようだ。それからは水で飲むようにしていて今は血圧が130/70くらいまで改善したよ」,有,低血圧,調剤薬局,+
61,メトグルコ錠２５０ｍｇ,患者像：40代、男性\n既往歴：痛風、脂質異常症\n併用薬：ジャヌビア、スーグラ、クレストール、フェブリク、ベタニス、\nアドヒアランス：良好\nS：いつもそんなに調子が変わることはないので大丈夫です。おしっこの回数は特に増えたりはしていないと思う。口の渇きも前ほどは気にならないかな。一応、気になった時用にカロリーゼロの飴は持ち歩いている。先生からは甘いのは控えるように強く言われてるからね。,有,口渇,調剤薬局,+
201,CMF療法（シクロホスファミド，メトトレキサート，フルオロウラシル）,患者像（４０代女性、既往歴（乳がん）、併用薬なし、アドヒアランス良好）\n治療を開始して１ヶ月になりますが、吐き気などはあまり出なくなってきました。\nただ、最近貧血気味なのかめまいがしています。\n先生に聞いたらこの治療を開始してからこのくらいの時期に起こりやすいということでした。,有,貧血,病院（病棟）,+
931,デパス錠０．５ｍｇ,患者像（男性、70代、会社員、夫婦二人暮らし、既往歴なし、併用薬なし、アドヒアランス不安）S「俺はよ、昔から健康には自信があるんだ。だからここの薬局でも風邪くらいしか来ないだろ?でも最近妙に寝つきが悪くて、仕方ないから嫁さんがたまに飲んでるデパスって睡眠薬をちょっと拝借したわけよ。そしたら普段薬飲まないもんだからかてきめんに効いちまって。そのままよろけてタンスにぶつかってこの有様よ（目の上に絆創膏）」,有,ふらつき（家族のものを勝手に服用）,調剤薬局,+
159,メトグルコ錠２５０ｍｇ,（男性、６０代，無職，妻，異常なし，合併症，既往歴　糖尿病、高血圧　併用　アムロジン、　デベルザ　服薬アドヒアランス良好）\nS「高血圧の薬は前から飲んでいます。血糖値が高いと数年前に言われていました。薬を飲み始めたのは数か月前です。この間暑い中少し遠出をすることになった。帰り道少し気持ち悪くなってきて、すぐに水分をとった。何とか自宅に帰ってこれたが少し下痢になっていた。今は大丈夫だけど、あれは熱中症だったかな。」,有,脱水による乳酸アシドーシス,調剤薬局,+
199,AC療法（ドキソルビシン，シクロホスファミド，パクリタキセル）,患者像（４０代女性、既往歴（乳がん）、併用薬なし、アドヒアランス良好）\n一昨日点滴で治療を受けて、今日になってからお手洗いの回数が増えた気がして、そのときに少し痛みを感じる。\n先生から事前に説明はあったけど大丈夫か心配です。\n水分多めにとって様子を見てみます。,有,排尿痛、頻尿,病院（病棟）,+
17,ロスバスタチン錠２．５ｍｇ「ＤＳＥＰ」,患者像：70代、男性\n既往歴：脂質異常症、前立腺肥大\n併用薬：ベタニス、アボルブ\nアドヒアランス：良好\nS：検査ち値はもうだいぶよくなってる。もう一年くらい正常値だって。それでも飲まなきゃいけないものかね。先生はもう少し続けましょうっていうけど。口の渇きは少しあるけど、口内炎とかはないかな。そんなに気になってる方ではないと思う。,無,なし,調剤薬局,-
831,マクサルトRPD錠10mg,患者像（女性、20代、会社員、一人暮らし、既往歴なし、併用薬（ロキソニン、アレグラ）、アドヒアランス良好）S「マクサルトを服用するようになってから、偏頭痛に少しずつ対応することができてきて嬉しい。ただ、私は飲むと眠気が出てしまうから、会社だと辛い時も。」,有,眠気,調剤薬局,+
7,リリカＯＤ錠２５ｍｇ,患者像：40代、女性\n既往歴：なし\n併用薬：バルトレックス、メチコバール\nアドヒアランス：良好\nS：帯状疱疹と診断されて初めて飲みます。数日前から皮疹ができ初めて、気がついたら痛くなってきていた。今も結構痛いですね。仕事からのストレスも最近多かったのでそのせいでしょうか。痛みが残ると聞いたことがあるのが不安です。,無,なし,調剤薬局,-
877,ケトプロフェンテープ40mg「パテル」,患者像（女性、70代、夫婦2人暮らし、既往歴（骨粗鬆症）、併用薬（フォルテオ、エディロール）、アドヒアランス良好）S「この間もらったモーラステープのジェネリック、あれだと効かない気がする。すぐ剥がれるし。前のに戻してくれないかしら。」,有,GE変更により、効果減弱との訴え,調剤薬局,+
850,ルナベル配合錠,患者像（女性、20代、学生、弟と両親の4人暮らし、既往歴・併用薬なし、アドヒアランス良好）S「生理痛がひどいためにもらっている薬ですが、ネット見てたら生理日をずらすこともできるって書いていて。やってみたんですが、失敗したかも。変に出血がダラダラ続くし。病院に相談したほうがいいですよね。怒られそうだな。」,有,用法変更による不正出血,調剤薬局,+
11,アジルバ錠２０ｍｇ,患者像：80代、女性\n既往歴：高血圧、脂質異常症、認知症、不安\n併用薬：デパス、アリセプト、アテレック、ベザトール\nアドヒアランス：やや不良\nS：特に調子は変わらないわね。たまに夜だけ忘れちゃう事があるから余っちゃって。だから今回は調整してもらった。デパスは先生にも言われて、なるべく飲まないようにしているところ。半分にしたりなるべく少なくするようにもしているけど、やっぱり少ないと調子悪い時もあるかな。,無,なし,調剤薬局,-
568,セレコックス錠１００ｍｇ,患者像（男性，40代，会社員，妻と子供と3人暮らし，既往症（腱鞘炎），併用薬（レバミピド、モーラステープ、マイザー軟膏），アドヒアランス不良）\nS「パソコン作業の多い仕事でマウスによる腱鞘炎で通院中。先日、子供の運動会があって張り切ってビデオ撮影していた。日差しが強くシップを貼っていたところが赤く腫れあがってしまった。シップを貼ったところを日光に当てちゃダメだよと言われていたのを忘れていたよ。手が大きく腫れあがったのですぐに皮膚科に行った。塗り薬を出してもらって続けていたら少しずつ良くなってきた。これからは外出時はちゃんとサポーターをするようにします」,有,光線過敏症,調剤薬局,+
906,ピルシカニドカプセル25mg,患者像（女性、80代、主婦、夫婦2人暮らし、既往歴なし、併用薬（ビソプロロール、リクシアナ、ワソラン、ゾルピデム、ランソプラゾール）、アドヒアランス良好）\nS「この間まで飲んでいたシベノールだと血糖値が下がってしまうらしい。1日3回飲むのが面倒だけど、ピルシカイニドなら今のところ特に問題なく飲めています。」,有,シベノールで低血糖,調剤薬局,+
83,CMF療法（シクロホスファミド，メトトレキサート，フルオロウラシル）,患者像：60代、女性\n既往歴：乳がん\n併用薬：エンドキサン錠\nアドヒアランス：良好\nS：前回初めて注射した時に吐き気がすごくてとっても辛かったの。なので今回は吐き気留めどめを追加してもらった。なので今回は念の為1日入院して様子を見ましょうとのことでした。薬を追加したおかげか、今のところは前ほど辛くないですね。すこし気持ち悪い感じはありますけど、前ほどじゃないです。注射したところも特に痛んだりしてないです。,無,なし,病院（病棟）,-
830,リトドリン錠5mg「F」,患者像（女性、30代、子供1人と夫の3人暮らし、既往歴・併用薬なし、妊娠7ヶ月、アドヒアランス良好）S「リトドリンで吐き気がするんです。第一子の時は入院してリトドリンの点滴だったんですが、その時は吐き続けで。その思い出があるからでしょうか。錠剤でも飲むと気持ち悪いのは、気持ちの問題かも。」,有,吐き気,調剤薬局,+
800,メマリー錠10mg,患者像（女性、70代、主婦、夫婦2人暮らし、既往歴（高血圧、狭心症）、併用薬（レニベース、ニコランジル、アムロジピン）、アドヒアランス良好）S「認知症ですって。嫌になるわ。ドネペジルは気持ち悪くなってしまったから、違う薬に変えてもらったんです。」,有,ドネペジルで胃腸障害,調剤薬局,+
635,ユリーフ錠,患者像（男性，７0代，無職，妻と2人暮らし，既往症（前立腺肥大に伴う排尿障害），併用薬（セルニルトン），アドヒアランス良好）S「尿の出が悪くなり薬を飲むことになった。飲み始めて眩暈、ふらつきがでたので血圧を測ったら８５／６０と下がっていた。薬で血圧が下がることがあると言われていたからそのせいだとすぐにわかった。先生に相談したら薬の量を調節してみようと言われた。４ｍｇから２ｍｇに減らしてからは血圧も１２０／７０くらいで安定するようになった。尿の回数も減ったし出が悪い感じも改善してきている」,有,眩暈、ふらつき,調剤薬局,+
775,ジスロマック錠250mg,患者像（女性、30代、看護師、子供2人に夫の家族4人暮らし、既往歴・併用薬なし、アドヒアランス良好）S「先日副鼻腔炎でもらった抗生物質、飲んだらひどい下痢で。お腹がキューっと痛くなって、とても外出できないくらい。他の抗生物質ではここまで下痢になったことはないんですが、何か特別なんでしょうか。」,有,下痢,調剤薬局,+
851,ルナベル配合錠,患者像（女性、30代、会社員、両親と3人暮らし、既往歴なし、併用薬（ロキソニン、ツムラ桂枝茯苓丸）、アドヒアランス良好）S「何でこんなに生理痛がひどいのかと思っていたら、子宮内膜症でした。まだ原因がわかってスッキリ。ピルのおかげで痛みもマシになってきました。ただ、少し頭痛がするけど。でも、今までのお腹の痛みに比べたら全然我慢できる。」,有,頭痛,調剤薬局,+
1000,アリミデックス（アナストロゾール）,患者像（女性、60代、主婦、娘と夫の3人暮らし、既往歴（高脂血症）、併用薬（クレストール）、アドヒアランス良好）S「アリミデックス開始してから体のだるさを感じます。気持ちの持ちようかもしれませんが。」,有,倦怠感,調剤薬局,+
118,ネキシウムカプセル２０ｍｇ,（女性、４０代，主婦，夫　子２人，異常なし，合併症の無，既往歴なし、併用なし，服薬アドヒアランス良好）\nS「胃は昔から弱い方でしたが市販の薬をこれまで飲んでいました。この薬は効きますね。飲み始めてから調子いいですよ。ただ最近少し下痢っぽいんです。元々便秘がちだったから別にいいんですけど。」,有,下痢,調剤薬局,+
71,ヨクイニンエキス錠「コタロー」,患者像：30代、女性\n既往歴：なし、月経困難症\n併用薬：マキサカルシトール軟膏、ヤーズ、マルチビタミン\nアドヒアランス：良好\nS：イボの治療で初めて飲みます。薬もあまり使ってこなかったので飲めるか不安です。忘れそうです。6錠も飲むのですね。錠数を間違えそうです。月経困難症でヤーズを服用していますが併用は大丈夫ですか。サプリメントもいつも通り飲んでいいですか。,無,なし,調剤薬局,-
948,ネキシウムカプセル２０ｍｇ,患者像（男性、40代、会社員、一人暮らし、既往歴（再燃を繰り返す逆流性食道炎）併用薬なし、アドヒアランス良好）S「ずっとタケプロンを飲んでいたんだど、それはもう古い薬ってことで、1ヶ月前に新しくネキシウムに変えてもらった。でも、僕の体には合っていなかったのか、ここ最近、味覚が変になった気がするんです。調べていたら味覚障害の副作用が起きることがあるんですね。またタケプロンに戻してもらおうかな。」,有,味覚障害,調剤薬局,+
124,センノシド錠１２ｍｇ「サワイ」,（女性、２０代，会社員，夫　子１人，異常なし，合併症の無，既往歴　なし、併用なし，服薬アドヒアランス良好）\nS「便秘には10代のころから悩んでいた。あまり薬を飲んでこなくて食事などで何とかしていた。前回からこの薬飲んでいますが、すごい効きますね。きちんとでるようになりました。最近は逆に緩すぎる日もたまにあります。」,有,下痢,調剤薬局,+
197,ツムラ大建中湯エキス顆粒（医療用）,患者像（６０代男性、既往歴（高血圧、糖尿病）、併用薬（テラムロAP、フォシーガ、グルコバイ（１００））、アドヒアランス良好）\n便秘気味でお腹が張るような感じがあってずっとお腹がスッキリしないから胃腸科でみてもらって漢方を飲み始めたけど、飲み始める前よりもお腹が張るような感じがあってガスが溜まっているような感じがあって苦しい。\nこのまま飲み続けても大丈夫か。,有,アカルボースとの併用による腹部膨満感\n,調剤薬局,+
894,エクア錠,患者像（女性、70代、主婦、夫婦2人暮らし、既往歴なし、併用薬（エパルレスタット、アーガメイトゼリー、ピオグリタゾン、グリメピリド、ボグリボース、ジャヌビア、ランタス、ノボラピッド）、アドヒアランス良好）S「この間市の検診で言われたんですが、私似たような薬を2種類一緒に飲んでいるって。お薬手帳に線引いてもらったよ。エクアとジャヌビアかしら。これって同じ薬なの？HbA1c：7.5」,有,エクアとジャヌビアの重複→健康被害はなし,調剤薬局,+
125,センノシド錠１２ｍｇ「サワイ」,（女性、６０代，無職，夫　，異常なし，合併症の無，既往歴　なし、併用マグミット，モビコール服薬アドヒアランス良好）\nS「便秘がひどく、下剤で何とか調整しています。お通じは何とかでているが、よくお腹がきゅーと痛い時がある。下剤が多いのかしら？」,有,腹痛,調剤薬局,+
1019,エディロールカプセル０．７５μｇ,患者像（70代，女性，娘と同居，既往歴（2型糖尿病），併用薬（エクメットHD），前回のCa検査値9.8mg/dL，アドヒアランス良好）\nS 「最近イライラすることが増えて，だるさがあります．先生に骨粗鬆症と言われたから，近所を歩いてしっかり体を動かすようにして，食事にも気をつけてカルシウムをしっかりとっているのに．血液検査は３ヶ月ほど前に受けてから受けていないので検査値は分からない．たしかこの前は問題はなかったはずです．」,有,高Ca血症,調剤薬局,+
70,ツムラ大建中湯エキス顆粒（医療用）,患者像：30代、女性\n既往歴：躁鬱病\n併用薬：ヨーデル、マグミット、ガスモチン、サイレース、ジプレキサ、リスパダール\nアドヒアランス：良好\nS：ここ最近調子が悪く、低調気味です。医師と相談して薬が追加になりました。日によって仕事ができたりできなかったりして、生活にも影響があるので辛いです。便秘気味なのは変わらないですね。白湯を飲んでみたり、食物繊維が多いものを食べるようにはしていますが、それでも4日に1回程度しか出ないですね。,有,便秘,調剤薬局,+
25,ネキシウムカプセル２０ｍｇ,患者像：40代、男性\n既往歴：なし\n併用薬：トランサミン、キプレス、ムコダイン、半夏厚朴湯\nアドヒアランス：良好\nS：喉にずっと異物感があって受診しました。はっきりとした原因はよくわからないとのことでしたが、胃酸が逆流して喉を刺激することもあるということでした。粉薬は苦手なので漢方を飲むのがちょっと心配ですね。,無,なし,調剤薬局,-
39,エディロールカプセル０．７５μｇ,患者像：70代、女性\n既往歴：骨粗鬆症、脂質異常症、高血圧\n併用薬：ノルバスク、クレストール\nアドヒアランス：良好\nS：もうずっと継続しているものです。ここ最近も特に体調は変わりないです。定期的に血液検査もしています。医師からは特に問題ないと言われています。医師に言われて歩くようにしているけど、なかなか継続できてなくて、やったりやらなかったりですね。,無,なし,調剤薬局,-
198,ユリーフ錠,患者像（６０代男性、既往歴（前立腺肥大症）、併用薬なし、アドヒアランス良好）\n前立腺肥大と診断されて薬を飲み始めたが、最近立ちくらみすることが増えたような気がする。,有,起立性低血圧,調剤薬局,+
176,セレコックス錠１００ｍｇ,患者像（４０代男性、既往歴なし、併用薬（ムコスタ、ロキソニンテープ）、アドヒアランス良好）\n先週仕事で腰を痛めて飲み薬と湿布をもらっている。\n痛み止めですぐに胃が荒れてしまうと先生に相談して、胃への負担が少ない痛み止めと胃薬出してもらったけどやっぱり胃が痛くなった。飲み薬はやめて湿布だけで様子をみようかと思う,有,胃部不快感,調剤薬局,+
69,ツムラ大建中湯エキス顆粒（医療用）,患者像：60代、男性\n既往歴：前立腺肥大症\n併用薬：ハルナール、マグミット、ガストローム顆粒\nアドヒアランス：良好\nS：もう何年も飲んでいる。緩くなりすぎたらマグミットを減らすなどして調節している。漢方はだいたい飲めているけど昼に飲むのを忘れることが多いかな。忘れてもそんなに変わらないからもう飲まなくてもいいのかなとは思う。,無,なし,調剤薬局,-
910,ラキソベロン内用液,患者像（女性、80代、無職、夫婦2人暮らし、既往歴（高血圧、骨粗鬆症、神経痛）、併用薬（アムロジピン、アルファロール、フォサマック、リマプロスト、リリカ、トラムセット、マグミット、ヨーデル）、一包化、アドヒアランス良好）S「夫：便秘がひどい。先生は痛み止めの薬が便秘になりやすいから余計だと言う。ヨーデルを1日4錠飲んでいても効かない時に、この液体のを飲ませるようにしている。でも加減が分からなくて、これを使うと下痢になることも多く、難しい。」,有,下痢,調剤薬局,+
928,セレコックス錠１００ｍｇ,患者像（男性、40代、会社員、一人暮らし、既往歴なし、併用薬（グレースビット）、アドヒアランス良好）S「今回親知らずの抜歯にあたり、歯茎の切開が必要なほどでしたので、大学病院まで来ました。無事に手術は終わったんですが、もらった痛み止めか抗生物質で眠気が出ることってありますか?なんだか仕事中無性に眠くて。」,有,眠気,調剤薬局,+
179,アジルバ錠２０ｍｇ,患者像（７０代女性、既往歴（高血圧、脂質異常症）、併用薬（アムロジピン（５）、フロセミド（２０）、ロスバスタチン（５））、アドヒアランス（良好））\n最近朝起きたときにちょっとふらふらっとする時がある。\n普段血圧測るとだいたい110/60くらいだけど、ふらふらするときは上が90いかない時がある。\n毎日っていうわけではなくて1-2週間に１回くらい。寒い時期になると血圧上がるから薬増えるけど、最近暖かくなってきているから効きすぎちゃっているのかしら？,有,低血圧,調剤薬局,+
200,FEC療法（フルオロウラシル，エピルビシン，シクロホスファミド）,患者像（４０代女性、既往歴（乳がん）、併用薬なし、アドヒアランス良好）\n治療を開始して２週間になりますが副作用の脱毛が起きてきました。\n吐き気も出ていて食事があまり摂れていません。吐き気どめも出してもらっていますがあんまりです。\n治療のためには仕方ないので頑張って治療を継続しようと思います。\n,有,脱毛・吐き気,病院（病棟）,+
796,チャンピックス錠1mg,患者像（男性、30代、会社員、夫婦2人暮らし、既往歴・併用薬なし、アドヒアランス良好）S「嫁が言うから禁煙の薬始めたんですが、増量した途端吐き気がキツくなった気がする。まだ0.5mg飲んでいた時は、タバコ吸えていたのが吸えなくなったストレスもあるのかな。」,有,吐き気,調剤薬局,+
88,TC療法（ドセタキセル，シクロホスファミド）,患者像：50代、女性\n既往歴：乳がん\n併用薬：ラシックス\nアドヒアランス：良好\nS：吐き気とかには慣れたのですが、最近はむくみを感じています。特に手足ですね。念のためということで利尿剤が出されました。浮腫を解消するマッサージ方法なども教わったので毎日やってみようと思います。髪の毛はすっかりなくなってしまいました。痛みはまだそんなに感じてはないですね。,有,浮腫,調剤薬局,+
934,リリカＯＤ錠２５ｍｇ,患者像（女性、80代、主婦、一人暮らし、既往歴（脳梗塞、高血圧、高脂血症、緑内障）併用薬（バイアスピリン、プラビックス、ロスバスタチン、シルニジピン、バルサルタン、ラタチモ点眼、アイファガン点眼））S「腰の痛みがひどいから、この間初めてリリカをもらったけれど、飲んだらもう目眩が酷くて。ぐるぐる天井が回って立ってられなくなったの。これは怖い薬だわ、と思ってもうそれっきり飲んでいません。」,有,回転性めまい,調剤薬局,+
820,ハルシオン錠0.25mg,患者像（男性、50代、無職、子供2人の家族4人暮らし、既往歴（脳梗塞、高血圧、脂質異常症）、併用薬（プラビックス、リクシアナ、ザクラス配合錠、アトルバスタチン）、アドヒアランス不良）S「最近前に増して寝つきが悪くて。もらっているハルシオン1錠でも途中で目が覚めてしまって、そこから寝れないから、この間さらにもう1錠飲んだ。そうしたら夢見の悪いこと。半分に割って飲めばよかったのかな。」,有,過量服用による悪夢,調剤薬局,+
936,アジルバ錠２０ｍｇ,患者像（女性、70代、主婦、夫婦二人暮らし、既往歴（糖尿病）、併用薬（アムロジピン、スピロノラクトン、グリメピリド、ルセフィ、エクア、ランタス注）、アドヒアランス良好）S「私糖尿でしょう。その兼ね合いから腎臓も危ないって、前から言われてはいたんです。でも、今回血液検査でカリウムの値が高かったみたいで。この間から飲み始めたアジルバが、今まで飲んでいたスピロノラクトンと相性が悪かったかもしれないとのことで、念のため変更することになりました。K；5.8mEq/L」,有,スピロノラクトンとの相互作用によるK値上昇,調剤薬局,+
587,ミヤＢＭ錠,患者像（女性，30代，会社員，独身，既往症（過敏性腸症候群），併用薬（ポリフル），アドヒアランス良好）\nS「仕事のストレスなどが原因で下痢や便秘を繰り返すようになった。薬を飲み始めてから気持ち悪くなって食欲が落ちたりしていた。薬が原因だと言われた。飲む回数を減らして調整したら改善した。今は１日３回から１日２回にしたり、調子がいいときは１日１回とかにして続けている。下痢も便秘も落ち着いてきた。病気とも上手く付き合えるようになってきました」,有,吐き気、食欲不振,調剤薬局,+
892,アルピニー坐剤,患者像（男性、2歳、保育園、両親と3人暮らし、既往歴（熱性痙攣）、併用薬（ダイアップ坐剤）、アドヒアランス良好）S「母：先日私が仕事の時、主人に看病任せていたんですが、発熱した時に間違ってアルピニーの方を先に使っちゃったんです。そしたら痙攣が誘発されて。パニックになって救急車呼んで、って。呆れて。私ちゃんと言っておいたつもりだったんですがね。」,有,坐薬の使う順番を間違えたことで痙攣発作が誘発された,調剤薬局,+
613,エンシュア・リキッド,患者像（女性，70代，無職，施設入所中，既往症（高血圧、認知症），併用薬（アムロジピン、バルサルタン、ドネペジル），アドヒアランス良好）\nS「（娘）夏バテをするようになってから食欲がどんどん落ちてしまい、体重もどんどん減っている。先生がカロリーが取れるよう栄養剤を出してくれたが飲み始めてから下痢をするようになった。甘ったるくて飲みにくいと本人も言っており、違う栄養剤に変えることになった。変更してからは本人も飲みやすいようでだ。今は食事も徐々にとれるようになってきたので回数を減らして続けている。今後栄養剤に頼らなくても食事をとれるようになればいいなと思う」,有,下痢,調剤薬局,+
866,ノックビン原末,患者像（男性、40代、会社員、両親と3人暮らし、既往歴なし、併用薬（セルシン）、アドヒアランス良好）S「ノックビンを飲んだらお酒は飲んだらいけないと、医師や看護師の方からも強く言われていたんですが。会社でのストレスが溜まって先日ついつい飲んでしまった。頭は割れるように痛いし、呼吸もしづらいし、だいぶ凝りました。」,有,ノックビン×アルコールによる頭痛・呼吸困難,調剤薬局,+
865,メルカゾール錠5mg,患者像（女性、30代、会社員、一人暮らし、既往歴・併用薬なし、アドヒアランス良好）\nS「メルカゾール飲んで2週間後に突然全身に蕁麻疹が出て、病院に行きました。相性が悪かったみたい。でも、お薬の副作用ってすぐ出るものだと思ってたからびっくりした。新しいチウラジールでは起こらないといいんだけれど。」,有,薬疹,調剤薬局,+
862,ラミクタール錠25mg,患者像（男性、50代、会社員、子供2人と妻の家族4人暮らし、既往歴（てんかん、高脂血症）、併用薬（ロスバスタチン）、アドヒアランス良好）S「てんかんの発作ももう数年間出ていないんだけどね、まだドクターと妻は安心はしてくれないみたい。頑なに車の運転も許可してもらえないし。まあ、ラミクタール飲んでるうちは遠慮しておこうかな。この薬で眠たくなるしね。」,有,眠気,調剤薬局,+
183,ネキシウムカプセル２０ｍｇ,患者像（５０代男性、既往歴（高血圧、脂質異常症、糖尿病）、併用薬（テラムロBP、ロスバスタチン、ジャヌビア）、アドヒアランス不良）\n最近胃の調子が悪くてもたれるような感じがするから家に残っていたネキシウムを飲んでいるけど全然良くならない。ここ２−３日は胸焼けもしている。,有,消化不良（胃酸抑制）,調剤薬局,+
40,エディロールカプセル０．７５μｇ,患者像：50代、女性\n既往歴：関節リウマチ\n併用薬：プレドニン、タケプロン、バクタ、セルセプト\nアドヒアランス：良好\nS：最近になって調子が悪くなってきました。ここ1年くらい症状は安定していたのですが。それでプレドニンも追加になっています。急に悪化したのを抑えるためにプレドニンが多かったせいか少し寝付きが良くないです。眠りも浅い感じがあります。お腹の痛みはありません。熱が出たり、風邪をひいているような症状もないです。,有,不眠,調剤薬局,+
13,アムロジピンＯＤ錠５ｍｇ「トーワ」,患者像：80代、男性\n既往歴：前立腺肥大\n併用薬：ザルティア\nアドヒアランス：良好\nS：ザルティアは前回から飲んでいる。そんなに大きく体調が変わった感じはないかな。おしっこの出も良くなった。ちょっと火照るような感じも始めはあったように思うけど、もうなんともない。先生にも言ったけど特に問題ないと言われている。血圧も変わらず120/90くらい。ニトログリセリンはもらってない,有,火照り,調剤薬局,+
840,バルトレックス錠500,患者像（女性、50代、主婦、子供2人と夫の家族4人暮らし、既往歴（高血圧、更年期障害）、併用薬（エチゾラム、アムバロ、ツムラ加味逍遥散、カロナール、リリカ）、アドヒアランス良好）S「帯状疱疹のところ痛くてたまらない。痛みも辛いけど、このバルトレックスっていう錠剤大きすぎません？これを2錠飲むのがしんどくて。この間割って飲んだら苦いし。」,有,半割による主成分の苦味,調剤薬局,+
785,シムビコート,患者像（男性、70代、無職、夫婦二人暮らし、既往歴（脳梗塞、高血圧、脂質異常症）、併用薬（バイアスピリン、シロスタゾールOD、シルニジピン、イコサペント酸エチル、ロスバスタチン）、アドヒアランス不良）S「こんな吸入めんどくさい。何回やっても分からないし。声も変になるし、手が震える。もうやりたくない。」,有,声枯れ、手の震え,調剤薬局,+
160,メトグルコ錠２５０ｍｇ,（男性、５０代，会社員，妻，子供１異常なし，合併症，既往歴　糖尿病、　併用　アムロジン、　ジャディアンス　アマリール　服薬アドヒアランス良好）\nS「糖尿病の薬は数値が変わって薬も変わってというのを数年繰り返しています。転職して仕事の関係で昼食が不規則なんです。そしたら日中ぼーっとする感じで、ちょっとやばいなと思う時が月に１～２回ありましたね」,有,低血糖,調剤薬局,+
839,ベルソムラ錠15mg,患者像（女性、50代、主婦、夫婦2人暮らし、既往歴（うつ病）、併用薬（カロナール、テプレノン、クロマゼパム、レクサプロ、エチゾラム、ゾルピデム）、一包化、アドヒアランス不安あり）S「夜眠れないのが怖い。先生新しい薬出してくれたけど、なんだか効き目が出るまで時間がかかる気がする。自然な寝つきと目覚めと言っていたけど、弱い薬なんじゃない？結局お酒の力に頼ってる。」,有,アルコールによる作用増強,調剤薬局,+
879,セレスタミン配合錠,患者像（男性、20代、会社員、既往歴（花粉症）、併用薬（ザイザル、アラミスト点鼻液）、アドヒアランス良好）S「症状が強い時だけ、と言われてセレスタミンをもらっているんですが、飲むと頭痛や耳鳴りがするんです。この薬でそんな副作用って多いですか？ネットだけじゃなんとも言えなくて。」,有,耳鳴り、頭痛,調剤薬局,+
167,ザイザルシロップ０．０５％,（男性、８０代，無職，施設入居　，異常なし，合併症，既往歴　　、併用なし，服薬アドヒアランス良好）\nS（施設職員）「施設の洗濯用洗剤を変えた。それが合わなかったみたいで蕁麻疹がでている。嚥下機能の低下しており先生に相談したらシロップでだしてくれると言われました。採血は先月行っています。腎機能悪化が少し見られているようです。」,有,腎障害患者では用量調節が必要,調剤薬局,+
988,ザイザルシロップ０．０５％,患者像（男性、1歳、両親と3人暮らし、既往歴なし・併用薬（メプチン、ムコソルバン、カルボシステイン）、アドヒアランス良好）S「母親：この間もらった風邪の薬なんですが、あれを飲むと、生きている?って思うくらい寝るんです。眠気が出やすい薬なんですかね?少し心配なくらいなんですが。」,有,眠気,調剤薬局,+
1007,フェマーラ（レトロゾール）,患者像（女性、70代、主婦、一人暮らし、既往歴（高血圧）、併用薬（アムロジピン、バルサルタン）、アドヒアランス良好）S「前回ジェネリックに変更してもらってから、なんか全身に痛みが出てきたように思う。値段が全然違うから、悩ましいところだけど、一度元の先発に戻してもらっていいいですか?」,有,関節痛（,調剤薬局,+
996,ユリーフ錠,患者像（男性、80代、無職、夫婦二人暮らし、既往歴（高血圧、再燃を繰り返す逆流性食道炎、白内障）、併用薬（イルべサルタン、ニフェジピン、ネキシウム、レバミピド、エクセラーゼ、ビオフェルミン、マグミット、カリーユニ、アボルブ）、アドヒアランス良好）S「先日、咳が出るもんだから、家にあった市販の風邪薬を飲んだ。そこからおしっこの出があまり良くない気がする。CMでやってるやつだよ。パイロンPLとかいう新しいやつ。」,有,PLによる前立腺肥大症状の悪化,調剤薬局,+
979,バイアスピリン錠１００ｍｇ,患者像（男性、60代、会社員、夫婦2人暮らし、既往歴（脳梗塞、高血圧、糖尿病）、併用薬（エフィエント、イコサペント酸、メトグルコ、エクア、スーグラ、バルサルタン）、アドヒアランス不良）S「僕あんまり歯医者ってちゃんと通っていなかったんですが、歯が痛いから久しぶりに行ったんですよ。そしたら大きな虫歯があって、抜歯したんです。ところが、血をサラサラにしている薬ありますか?って聞かれていたのに適当に答えちゃったもんだから、まあ大変。全然血が止まらなくてね。歯医者さんに相当怒られちゃいましたよ。」,有,抜歯時の大量出血,調剤薬局,+
584,カルボシステイン錠５００ｍｇ「トーワ」,患者像（女性，50代，会社員，独身，既往症（蓄膿症），併用薬（クラリスロマイシン、アレグラ），アドヒアランス良好）\nS「鼻水の色が黄色くてドロッとしているから抗生物質飲んでねって言われて飲んだら、その日のうちに体が痒くなって気付いたら体全体に発疹が出ていたよ。病院でステロイドの点滴をしてもらって良くなったんだけど大変な目に遭った。抗生物質で湿疹でたりすることあるみたいだね。今は発疹もなくなって体調もいいよ。お薬手帳に記録してもうどこの病院でも処方されないように先生や薬剤師さんに伝えるようにしているんだ」,有,薬疹,調剤薬局,+
913,プラザキサカプセル110mg,患者像（男性、80代、無職、夫婦2人暮らし、既往歴（不整脈、高血圧、前立腺肥大）、併用薬（タムスロシンOD、アムロジピンOD、ピルシカイニド、ビソプロロール、テプレノン、ファモチジン）、アドヒアランス良好）S「これは多めの水で飲まないといけないって聞いていたんだけど、普通にコップ半分くらいの水で他の薬と一緒に飲んでいた。それでは少なかったのか、胃がシクシクすると思ったら、出血しているらしい。おそらくこのプラザキサのせいだろうって。ちゃんとプラザキサだけでコップ1杯くらい水飲まないといけないって怒られた。薬も違うものに変わるかも。」,有,消化管出血,調剤薬局,+
995,ヨクイニンエキス錠「コタロー」,患者像（男性、10代、学生、両親と姉の4人暮らし、既往歴なし、併用薬（スピール膏）、アドヒアランス良好）S「母：ウイルス性のイボということで、飲み薬とスピール膏をもらったのですが、スピール膏を貼りっぱなしにしているとかゆいらしいんです。でも、確かこの薬はずっと貼っていないといけないんですよね?どうしたらいいですか?」,有,スピール膏による痒み,調剤薬局,+
208,リムパーザ（オラパリブ）,患者像（５０代女性、既往歴（卵巣癌）、併用薬（プリンペラン）、アドヒアランス良好）\nリムパーザを飲み始めて２週間ですが、副作用の吐き気が出ています。\n吐き気どめをもらっていますがあんまり聞いている感じはありません。\n先生からは１−２ヶ月で吐き気の副作用は落ち着いてくることが多いと言われているのでもう少し頑張ってみます。,有,吐き気,病院（外来）,+
857,グルベス配合錠,患者像（女性、70代、主婦、夫婦2人暮らし、既往歴（胃潰瘍）、併用薬（メトグルコ、ネキシウム、テプレノン、スルピリド、エチゾラム、ツムラ芍薬甘草湯）、アドヒアランス良好）S「いつもブドウ糖は持ち歩いているんですが、たまたま持っていない時に限って低血糖になってしまって。幸い病院の待ち時間だったんで、すぐ看護師さんとかが対応してくれてよかったんですが。冷や汗と吐き気がきて大変だった。ちょっと朝ごはんが少ない予感はしていたんです。でも血糖値測ったら60mg/dlって、そこまで低いとは思わなかったわ。」,有,低血糖,調剤薬局,+
3,デパス錠０．５ｍｇ,患者像：女性、30代、独身。IT系企業勤務\n既往歴：なし\n併用薬：シナール、トランサミン、ミオナール\nアドヒアランス：良好\nS：頭痛で受診しました。最近、在宅ワークになってからパソコンを見ていることが多くなりました。そのせいなのか頭痛がするように。医師からは肩こりや首の筋肉の緊張によるものだと言われ、それをほぐすような薬を出すと言われています。,無,なし,調剤薬局,-
165,ザイザルシロップ０．０５％,（男性、４歳，幼稚園，両親　弟　，異常なし，合併症，既往歴なし　、併用　アスベリンシロップ、ムコダインシロップ　服薬アドヒアランス良好）\nS（保護者）「風邪が長引いているみたい。最初よりは咳も減ったし良くはなっています。けど鼻水だけが続いているんです。熱とかも特にないです。食欲もあって元気そうです。ただ幼稚園で寝ちゃうことがあるみたいです。この薬って眠くなります？」,有,眠気,調剤薬局,+
868,ノックビン原末,患者像（男性、60代、無職、母親と2人暮らし、既往歴うつ病、併用薬（レボトミン、パキシルCR、ワイパックス）、アドヒアランス良好）S「入院していた時は、断酒に励む仲間がいてやりやすかった。家に帰ったら母親がめんどくさい。こっちも必死でやっているのに、この間お酒が入っているチョコを食べさせた。友達のお土産か何か知らないけど、顔が真っ赤になって、気持ち悪くて。もう嫌だ。」,有,チョコの中のアルコールと反応して吐き気・顔面紅潮,調剤薬局,+
797,チャンピックス錠1mg,患者像（男性、40代、自営業、息子と妻の家族3人暮らし、既往歴・併用薬なし、アドヒアランス良好）S「この薬で悪夢が起きるって最初聞いた時は、どういうことだと思っていたけど、今実感している。毎晩夢見が悪くて、1日疲れが取れない感じ。」,有,悪夢,調剤薬局,+
911,ラキソベロン内用液,患者像（女性、90代、無職、娘夫婦と3人暮らし、既往歴（認知症、高血圧、緑内障）、併用薬（レミニール、メマンチン、マグミット、センノシド、ニフェジピン、ミケラン点眼、ラタノプロスト点眼、ヒアロンサン点眼）、一包化、アドヒアランス良好）S「娘：この間は本当にびっくりした。ラキソベロンを目薬と間違えて目に点してしまったんです。幸い私がちょっと離れたところで見ていたので、すぐに洗い流して眼科に行きました。目に異常はなかったみたい。もうラキソベロンは手の届かないところで保管しておきます。」,有,間違って点眼した,調剤薬局,+
173,ユリーフ錠,（男性、６０代，無職，妻，異常なし，合併症，既往歴　、併用なし　服薬アドヒアランス良好）\nS「夜にトイレに行くことが多く受診してこの薬を飲んでいます。夜のトイレの回数は少し減った気がするけど、まだ起きちゃうんだよね。最近のどが良く渇くことが多くて水をたくさん飲んでしまうんだ。それが原因かな」,有,口喝,調剤薬局,+
919,イクセロンパッチ9mg,患者像（男性、80代、無職、娘家族と妻の6人暮らし、既往歴（認知症、高血圧、前立腺肥大）、併用薬（メマリー、イルベサルタン、フロセミド、ネキシウム、マグミット、タムスロシン、ツムラ抑肝散）、一包化、薬妻管理、アドヒアランス良好）S「妻：イクセロンパッチを増量したら、肌がかぶれちゃったみたいで痒そう。それでまたこちらに怒ってくるんです。今回一応増量はストップして、痒み止めの軟膏もらって様子を見ることにしました。」,有,かぶれ,調剤薬局,+
802,タミフルドライシロップ3％,患者像（男性、3歳、保育園、姉と両親の3人暮らし、既往歴・併用薬なし、アドヒアランス良好）S「母親：お姉ちゃんからインフルエンザもらってしまったんですが、タミフルを飲み始めてから下痢が続いています。インフルエンザのせいなのか、薬のせいなのか。調べていると、ネットにも下痢の副作用があるって書いてあったし、このまま飲み続けてもいいの？食事はなんとか摂れています。熱ももう37℃台まで下がっている。」,有,下痢,調剤薬局,+
949,ネキシウムカプセル２０ｍｇ,患者像（女性、30代、会社員、一人暮らし、既往歴なし・併用薬（クラリスロマイシン、アモキシシリン）、アドヒアランス良好）S「ピロリの除菌にって、3種類の薬を飲み始めて3日ですが、本当に下痢がひどいんです。下痢するかもとは聞いていましたが、怖くて外出できないくらい。これって普通なんでしょうか。」,有,下痢,調剤薬局,+
181,ロスバスタチン錠２．５ｍｇ「ＤＳＥＰ」,患者像（４０代男性、既往歴（高血圧）、併用薬（アムロジピン5mg）、健康診断でコレステロールの値が高くロスバスタチン服用開始、アドヒアランス良好）\n健康診断で引っかかり前回から１週間服用したけど初めは体の怠さみたいなのがありだんだん腕や足に痛いが出るようになってきた。\n今もまだ痛みが出ている。次の受診は来週だけどどうしたら良いか？,有,横紋融解症,調剤薬局,+
76,ユリーフ錠,患者像：50代、男性\n既往歴：前立腺肥大症\n併用薬：なし\nアドヒアランス：良好\nS：これを飲み始めてから、夜の起きる回数が1回くらいに減りました。飲む前は毎晩3、4回起きていたのでだいぶ楽になりましたね。自分に合った薬が見つかってよかったです。口の渇きやふらつきなんかも特に感じません。,無,なし,調剤薬局,-
916,アボルブカプセル,患者像（男性、70代、アルバイト、夫婦2人暮らし、既往歴（胃潰瘍）、併用薬（シロドシン、タケキャブ、レバミピド、マグミット）、アドヒアランス良好）S「この歳になって髪の毛なんてもうどうでもいいんですが、息子が少し増えた気がするって言うんです。この薬で増毛効果があるとかなんとか。それは本当なんでしょうか。」,有,多毛,調剤薬局,+
31,センノシド錠１２ｍｇ「サワイ」,患者像：30代、男性\n既往歴：なし\n併用薬：なし\nアドヒアランス：良好\nS：今日は検査でバリウムを飲んできた。病院では、もらったらすぐに飲むように言われている。バリウムを早く出すためだと聞いたけど、そんなにすぐ効くものなのでしょうか。これから仕事なので影響があるのは困るのですが。,無,なし,調剤薬局,-
85,CMF療法（シクロホスファミド，メトトレキサート，フルオロウラシル）,患者像：60代、女性\n既往歴：乳がん\n併用薬：エンドキサン錠　フェロミア\nアドヒアランス：良好\nS：今日の血液検査をしたら、ちょっと貧血気味だと言われた。そう言われてみるとフラつくような感じもあったけど、そこまで気になっていなかったですね。食欲は少しなくなってきているので、それも影響したのかもしれません。なるべく食べるようにはしているんですが、気持ち悪くなることもあって。,有,赤血球減少、\n食欲不振,調剤薬局,+
929,デパス錠０．５ｍｇ,患者像（男性、40代、会社員、一人暮らし、既往歴（再燃を繰り返す逆流性食道炎）、併用薬（タケキャブ）アドヒアランス良好）S「夜、仕事の心配があると気になって眠れない時がある。そんな時のお守りがわりに処方してもらっている。ただ、前深酒した後に、これを飲んで、翌朝が相当起きづらかった。やっぱりお酒と一緒に飲んだらダメだね。」）,有,アルコール併用による効果増強、眠気の発現,調剤薬局,+
152,ワーファリン錠１ｍｇ,（男性、６０代，無職，妻，異常なし，合併症，既往歴　不整脈（心房細動）高血圧　、併用　アムロジン、メインテート　服薬アドヒアランス良好）\nS「数年前に心房細動と言われて続けて飲んでいます。体調は変わりないです。最近腕にあざがあるような気がする。どう思う？？」」,有,出血傾向,調剤薬局,+
848,ロトリガ粒状カプセル,患者像（男性、60代、無職、母と2人暮らし、既往歴（脳梗塞、高血圧、高脂血症）、併用薬（タケルダ配合錠、エパデールカプセル、リクシアナ、ニフェジピン、オルメサルタン、エチゾラム、ブロチゾラム、マグミット、ビオフェルミン、ロスバスタチン、ゼチーア）、一包化、2科受診、アドヒアランス不良）S「この間お薬手帳持ってこいって言ってたけど、無かったから、向こうの脳神経外科でもらっている薬の一覧の紙みたいなの持ってきたよ。この薬は内科の方にも昔伝えたと思うけど？なんか問題ある？」,有,エパデール×ロトリガの重複投与,調剤薬局,+
822,トラムセット配合錠,患者像（男性、60代、無職、夫婦二人暮らし、既往歴（脊椎狭窄症）、併用薬（リマプロスト、レバミピド、プレカバリン、マグミット）、アドヒアランス良好）\nS「腰の痛みがひどくて、リリカじゃもう効かないからトラムセットという薬を追加で出してもらったんだけど、吐き気が。リリカではこんなことなかったんだけど、やっぱり強い薬なんだね。今日先生がドンペリドンっていう吐き気止めを出してくれたけど、どうなることやら。」,有,吐き気,調剤薬局,+
187,チラーヂンＳ錠５０μｇ,患者像（５０代女性、既往歴（甲状腺機能低下症）、併用薬（なし）、アドヒアランス良好）\nしっかり寝ても体のだるさが取れなかったり、急な息切れがあったりして検査をしたら甲状腺の機能が低下したと言われて飲み始めました。\n寝つきが少し悪くなった気がするのと、症状か薬のせいかわからないけど心臓がドキドキして動悸がする時がある。,有,不眠、動悸,調剤薬局,+
786,シムビコート,患者像（女性、30代、主婦、子供2人と夫の4人暮らし、既往歴（喘息、高血圧）、併用薬（モンテルカスト、アジルバ）、アドヒアランス良好）S「子育てで忙しくて、正直吸入後のうがいなんか全然やっていなかったんです。そうしたら口の中が真っ白になっていて。カビだと言われました。反省してちゃんとこれからはうがいをします。」,有,口腔内真菌感染,調剤薬局,+
881,キプレス細粒4mg,患者像（女性、3歳、保育園、既往歴（喘息）、併用薬（インタール吸入、メプチン吸入）、アドヒアランス良好）S「母親：いつも水に溶かして飲んでいます。ただ、今日水に溶かした後、ちょっと用事をしている間に1時間くらい経ってしまって。なんか若干黄色くなっているような気もしたけどそのまま飲ませました。後から怖くなったんですけど、大丈夫ですかね。」,有,光により有効成分が分解されている可能性あり,調剤薬局,+
46,シナール配合錠,患者像：30代、女性\n既往歴：鉄欠乏性貧血\n併用薬：フェロミア\nアドヒアランス：良好\nS：貧血の状態があまり良くならないようです。今日も血液検査をしたのですが、数値が上がっていないと言われました。体感としてはそこまで悪い感じはしないのですが。なので、鉄の吸収がよくなるように追加すると聞いています。食後にはしっかり飲めていますが、たまに忘れることもありますね。,無,なし　,調剤薬局,-
986,アデホスコーワ顆粒１０％,患者像（女性、30代、会社員、子供2人と夫の家族4人暮らし、既往歴（メニエール）、併用薬（イソバイド）、アドヒアランス良好）S「アデホスコーワの顆粒でさえ、粉薬は嫌だなと思っていたんですが、今思うと全然マシでした。この間もらったイソバイドシロップは本当にひどいですね。あれみなさんどうやって飲んでいらっしゃるんですか?もう薬の時間が億劫で。1日3回飲まないといけないのに、ついつい1日1〜2回に。」,有,イソバイドが苦いことにより、必要な服用回数を確保できていない。,調剤薬局,+
67,ザイザルシロップ０．０５％,患者像：4歳、女児\n既往歴：喘息\n併用薬：シングレア、ムコソルバン\nアドヒアランス：良好\nS：最近は咳は落ち着いてきていたのですが、昨日くらいから鼻水と痰が絡むような感じがあって相談しました。いつもはシングレアだけでよかったのですが、新しく追加してくださいと。本人も寝る時と起きた時によく咳き込んでいるので辛そうで。早く楽になるといいのですが。,無,なし,調剤薬局,-
887,クエン酸第一鉄ナトリウム「サワイ」,患者像（女性、20代、学生、両親と3人暮らし、既往歴・併用薬なし、アドヒアランス良好）	S「生理中のふらつきがひどい。検査してもらったらそもそも貧血気味だったんだって。でもこの薬飲むと吐き気がすごい。だから、なるべく食品とかサプリで摂れるように頑張る。」,有,吐き気,調剤薬局,+
87,TC療法（ドセタキセル，シクロホスファミド）,患者像：60代、女性\n既往歴：乳がん\n併用薬：みやBM 、ロペミン\nアドヒアランス：良好\nS：抗がん剤治療には少し慣れてきた感じです。注射の日はどうしてもだるくなったり食欲出なかったりしますが、自分なりにうまく対処できています。最近は少し下痢しています。それで今日は診てもらいました。風邪っぽい症状は特にないですね。外出は控えるようにしていますし、手洗いもよくやるようにしています。,有,下痢,調剤薬局,+
788,オルメテック錠20mg,患者像（女性、50代、主婦、子供2人と夫の家族4人暮らし、既往歴なし、併用薬なし、アドヒアランス良好）S「前回から、ついに血圧の薬を飲み始めることになったんですが、これを飲むとふらつく気がするんですよね。血圧下がりすぎているのかしら。家には血圧計が無くて、測れてないんです。病院では110/70でした。」,有,ふらつき,調剤薬局,+
72,ヨクイニンエキス錠「コタロー」,患者像：10代、男性\n既往歴：なし\n併用薬：なし\nアドヒアランス：良好\nS：水いぼで治療をしています。最初はこんなに錠剤で飲めるか不安でしたが、ラムネのように口の中で噛んでいいと教わったので、その方法で飲めています。息子もそんなに苦にはなっていないようです。症状はまだ治りませんが副作用とかは特にないようです。,無,なし,調剤薬局,-
569,デパス錠０．５ｍｇ,患者像（男性，50代，会社員，夫婦二人暮らし，既往症（不眠症、抑鬱），併用薬（アモバン），アドヒアランス良好）\nS「仕事のストレスから寝付けないことや出勤前の不安感が出るようになり通院している。寝る前の薬が変わってからどうも口の中が苦くて。水を飲んでも食事をしても苦くて仕方なかった。食欲も自然と落ちていた。薬のせいだとわかり変更してからは苦味が嘘みたいになくなった。薬を飲んで苦みが出るなんてことがあるんだね」,有,味覚異常（苦味）、食欲不振,調剤薬局,+
14,アムロジピンＯＤ錠５ｍｇ「トーワ」,患者像：40代、男性\n既往歴：なし\n併用薬：なし\nアドヒアランス：良好\nS：会社の健康診断で高血圧と指摘され受診しました。血圧が高いことは以前から知っていましたが、全く自覚症状がないので放置していました。でも流石に家族から診てもらうよう言われて。自覚症状がないのに治療するというのが変な感じです。医師からは、塩分は控えるように指導がありました。もともと濃い味が好きなので薄味にするのは時間がかかりそうですね。,無,なし,調剤薬局,-
37,プレドニゾロン錠１ｍｇ（旭化成）,患者像：50代、女性\n既往歴：関節リウマチ\n併用薬：セルセプト、ネキシウム、ボナロン、エディロール\nアドヒアランス：良好\nS：また数値が上がってきてしまって、この前からステロイドが追加になった。以前にも飲んでいた時期があったので特に問題ないように思うが、ちょっと寝つきが悪くなってきているように思う。でも少し待てば眠れるのでそんなに気にしてはいないけど。,有,不眠,調剤薬局,+
30,センノシド錠１２ｍｇ「サワイ」,患者像：80代、女性\n既往歴：糖尿病、脂質異常症\n併用薬：ジャヌビア、クレストール、マグミット\nアドヒアランス：良好\nS：今はマグミットとセンノシドで調節できていると思う。ちゃんと飲んでいるはずなのに、たまに効いていないような日もある。そんな時は夜にマグミットを足したり、次の日にマグミットを増やしたりしている。それでお通じは特に問題ない。,無,なし,調剤薬局,-
629,アデホスコーワ顆粒１０％,患者像（女性，50代，パート，夫と2人暮らし，既往症（メニエール病），併用薬（メリスロン、イソバイド），アドヒアランス良好）S「眩暈が改善せず薬を続けているが液体の薬があまりにも美味しくない。飲んだ後気持ち悪くなることもある。先生にも相談したが治療に必要な薬だから工夫して飲んでと言われた。薬剤師さんから水で薄めたり、オレンジジュースやグレープフルーツジュースで割ったら飲みやすくなると聞いて試してみた。グレープフルーツジュースのほのかな苦味によって飲みやすくなり飲んだ後の気持ち悪くなる感じもなくなった。今後も続けていけそうだ」,有,吐き気,調剤薬局,+
196,ザイザルシロップ０．０５％,患者像（7歳小児、既往歴（花粉症）、併用薬なし、アドヒアランス良好）\nお母さまと来局。\n花粉症になってしまったみたいで薬をもらっているけど、眠気が酷く出ちゃうみたい。\n学校の授業ちゅうにうとうとしてしまうみたいです。\n本人もぼーっとするって言っています。,有,眠気,調剤薬局,+
204,ノルバデックス（タモキシフェン）,患者像（５０代女性、既往歴（乳がん）、併用薬（ロキソニン テープ）、アドヒアランス良好）\n薬の副作用で肩の関節痛が酷く出ています。湿布を張っていれば多少は痛みは落ち着くので、このまま様子を見ることになっています。,有,肩関節痛,調剤薬局,+
834,ラタノプロスト点眼液「TOA」,患者像（男性、70代、無職、夫婦二人暮らし、既往歴（前立腺肥大）、併用薬（アボルブ、ユリーフ）、アドヒアランス良好）S「この間孫にまつ毛が濃くなっていると言われた。自分じゃ全然気づかないけどねえ。孫は羨ましがっていましたが、おじいさんのまつ毛が伸びても何もいいことがない。」,有,睫毛が濃く・太くなった,調剤薬局,+
185,センノシド錠１２ｍｇ「サワイ」,患者像（３０代女性、既往歴なし、併用薬なし、アドヒアランス良好）\n昔から便秘が酷かったけど、最近は週に１度出るかどうかくらいですごく苦しくで受診しました。\n前回下剤を先生から処方してもらいましたが、言われた通りに服用したらものすごくお腹が痛くなってしばらく動けなくなってしまった。その後お腹を下して便秘の苦しさは無くなったけどあんなにお腹が痛くなるならもう使いたくないです。\nもっとマイルドに効く薬があれば変えて欲しい。,有,下痢、腹痛,調剤薬局,+
867,ノックビン原末,患者像（男性、30代、自営業、一人暮らし、既往歴なし、併用薬（レグテクト）、アドヒアランス良好）S「今年こそ一念発起で禁酒する！だけど、この薬飲んだらお腹がゆるくて。そんな副作用ってある？」,有,レグテクトによる下痢の副作用,調剤薬局,+
53,ワーファリン錠１ｍｇ,患者像：80代、女性\n既往歴：心筋梗塞\n併用薬：クレストール、アムロジン\nアドヒアランス：良好\nS：いつも飲んでいます。お薬の管理はボケ防止に自分でやっている。一包化もまだやれるので大丈夫よ。検査値は特に問題ないとは言われてはいます。カミソリは使わないけど歯磨きの時とか血が出て止まらないというのはないです。,無,なし,調剤薬局,-
122,マグミット錠３３０ｍｇ,（女性、７０代，無職，息子夫婦，異常なし，合併症，既往歴　パーキンソン病、併用デエビゴ、メマリー、ネオドパストン，服薬アドヒアランス良好）\nS「昔から便秘はあります。この薬でお通じの調整はできていますが、パーキンソン病の状態があまり良くないので、この薬の飲む時間を10時と15時に変えるように言われたんです。」,有,薬物相互作用（ネオドパストンの効果↓）,調剤薬局,+
895,エクア錠,患者像（男性、50代、会社員、一人暮らし、既往歴（高血圧、高尿酸血症）、併用薬（カナグル、グリメピリド、グルファスト、ボグリボース、アムバロ配合錠、フェブリク、アロプリノール）、アドヒアランス良好）S「この間風邪ひいた時に、なかなか食事も摂れなくて、グルファストとかボグリボースはさすがに飲んでいなかったんだけど、エクアとカナグルはいいかと飲んでいたら低血糖になったね。やっぱり風邪とか引いていると体もいつもとは違うんだね。」,有,シックデイの低血糖,調剤薬局,+
780,アモバン錠10mg,患者像（男性、90代、施設、既往歴（高血圧、前立腺肥大、緑内障）、併用薬（シロドシンOD、アムロジピンOD、ラタノプロスト点眼、ツムラ大建中湯）、一包化、アドヒアランス良好）S「施設看護師：最近おしっこが前にも増して近いようで。行きたくなったら私たちを呼ぶように言っているんですが、つい一人で行ってしまわれるんです。3日前、寝付きの薬を飲んですぐ行きたくなっちゃったみたいで。ふらついて転倒してしまわれました。幸い骨折などなくてよかったです。」,有,ふらつき,調剤薬局,+
814,ファモチジンD錠20mg「サワイ」,患者像（女性、60代、主婦、夫婦2人暮らし、既往歴（糖尿病、神経痛、高血圧）、併用薬（メトグルコ、グリメピリド、ジャヌビア、サインバルタ、セレコキシブ、レバミピド、ラベプラゾール、イルべサルタン、フロセミド）、アドヒアランス良好、3科受診）S「私今整形と糖尿病内科とこの普通の内科の3つ通っているでしょう。それでお薬がややこしくって。このラベプラゾールはこの間、整形でお腹が痛いって言ったら痛み止め強いの使っているから、胃が荒れないよう出しておくってもらいました。え？お薬かぶってるの？知らなかった。」,有,ファモチジン×ラベプラゾールの作用重複,調剤薬局,+
177,デパス錠０．５ｍｇ,患者像（３０代男性、既往歴なし、併用薬なし、アドヒアランス良好）\n仕事のストレスがひどく、早く布団に入っても寝付けず毎日１−２時間しか眠れないから処方してもらった。\n飲んでみてすぐに眠れるけど昼間頭がぼーっとしてしまって全然仕事に集中できない。\nかと言って薬を飲まないと全然眠れないからどうしたらよい？,有,翌日への持ち越し\n眠気・倦怠感,調剤薬局,+
43,メチコバール錠５００μｇ ０．５ｍｇ,患者像：60代、男性\n既往歴：高血圧、帯状疱疹後神経痛\n併用薬：アジルバ、タリージェ、カロナール\nアドヒアランス：良好\nS：血圧は寒くなってきたからかちょっと上がってきているかな。でも先生はこのまま様子を見ましょうと。痛みはまだあるね。最初の頃よりは楽になったけど、痛い感じはまだ治りきってない。結構長く飲んでるけど大丈夫ですかね。痛み止めってそんなに飲むもんじゃないってないって聞いた事があるんですけど。,無,なし,調剤薬局,-
112,カルボシステイン錠５００ｍｇ「トーワ」,（男性，２０代，学生，両親と同居，異常なし，合併症の無，既往歴なし、併用メジコン錠、ムコソルバン錠、ロキソニン錠，服薬アドヒアランス良好）\nS「咳も落ち着いてきました。鼻水とかはそんなにって感じですかね。薬飲み始めて効いているんだと思います。この間薬飲んで寝ていたとき、首の下あたりが少しかゆいと思ってみたら赤くなっていて腫れていた。」,有,薬疹,調剤薬局,+
1004,ノルバデックス（タモキシフェン）,患者像（女性、40代、パート、子供3人と夫の家族5人暮らし、既往歴・併用薬なし、アドヒアランス良好）S「服用し始めは、特に何もなかったのですが、3ヶ月経った現在、肩こりがひどいです。それに首も、股関節も、膝も、なんか全身の筋肉が凝っている感じ。病院でゾラデックスの注射も受けているんで、そちらの関係もあるんでしょうか。毎日ストレッチはしているのですが。辛いです。」,有,関節痛,調剤薬局,+
817,オランザピン錠10mg「アメル」,患者像（女性、20代、学生、両親と家族3人暮らし、既往歴・併用薬なし、アドヒアランス良好）S「こういう薬初めてなんですが、こんなに眠くなるものなんですね。先生は眠くなる人と、寝れなくなる人両方いるっておっしゃっていましたが。私は眠くて仕方ない。体もだるいです。」,有,傾眠,調剤薬局,+
190,エンシュア・リキッド,患者像（８０代女性、施設入居中、嚥下困難なため、食事はとろみ付けして摂取。既往歴（高血圧、骨粗しょう症）、併用薬（アムロジピン、オルメサルタン、アルファロール）、アドヒアランス良好）\n施設看護師より聞き取り。最近食事を取るのが難しくなってきたのでエンシュアを追加してもらい栄養補給のため服用開始ししたが、お腹が緩くなってしまったみたい。\n無理せず摂取できる範囲で調整したいと思っています。,有,下痢,調剤薬局,+
28,マグミット錠３３０ｍｇ,患者像：60代、女性\n既往歴：高血圧、糖尿病、糖尿病性腎障害\n併用薬：ミカルディすス、ランタス、ノボラピッド\nアドヒアランス：良好\nS：低血糖になることはそんなにないかな。食事前後にちゃんと血糖値測っているからね。ただ、外出の時はやりにくいよね。最近はなんか気持ち悪いことが多い。だるい感じもある。生活に差し障るほどではないけど。,有,高マグネシウム血症,調剤薬局,+
1016,センノシド錠１２ｍｇ「サワイ」,患者像（女性，40代，主婦，夫と子供一人と同居，既往歴（子宮筋腫），更年期にさしかかり鬱っぽい，併用薬（パロキセチン，アルプラゾラム），アドヒアランス良好）\nS 「体調はまあまあ落ち着いています．お通じがよく出るようになりました．たまに緩すぎることもあるので，その時の調子で調節して飲んでいます．癖になりやすいからずっと使い続けるのはよくないですよね．それから，この下剤を飲み始めた頃からおしっこの色が少し濃くなったのが気になります．」,有,着色尿,調剤薬局,+
195,メトグルコ錠２５０ｍｇ,患者像（７０代男性、飲酒毎日、既往歴（糖尿病、脂質異常症）、併用薬（トライコア、クレストール 、アクトス）、アドヒアランス不良）\n血糖値が上がってしまい薬が増量になってしまった。今まではなんともなかったけど体のだるさや吐き気が出ることがある。\nHbA1c:９.6\n,有,脱水、吐き気,調剤薬局,+
930,デパス錠０．５ｍｇ,患者像（女性、80代、無職、一人暮らし、既往歴（狭心症、高血圧）、併用薬（ニフェジピン、ワソラン、メインテート）、アドヒアランス良好）S「最近急にいろんなことが心配になるんです。それで先生に相談したら、この間試しにってこのデパスもらいました。でも飲んだらもう何の気力も起きなくって。」,有,脱力感、倦怠感,調剤薬局,+
5,デパス錠０．５ｍｇ,患者像：50代、女性\n既往歴：不安\n併用薬：なし\nアドヒアランス：不良\nS：調子悪い時だけ飲んでいます。飲んで眠くなるようなことはありません。この前、お酒飲んだ後に薬飲んだら、すごく眠くなっちゃって。それでお酒を飲む時は飲まないようにしている。翌朝に残っていたりすることはないです。,無,なし,調剤薬局,-
998,ユリーフ錠,患者像（男性、70代、会社員、一人暮らし、既往歴（高血圧、高脂血症、糖尿病）、併用薬（スピロノラクトン、フロセミド、サムスカ、ノボラピッド、ランタス、メトグルコ、スージャヌ、アボルブ、ロスバスタチン、ロトリガ）、アドヒアランス良好）S「前立腺の薬飲み始めてからな、もう全然ムスコが勃たんのじゃ。死んだカミさんが浮気せんよう言うてるんじゃろうな。別に日常生活では困らんしいいけどな。」,有,勃起不全,調剤薬局,+
940,ロスバスタチン錠２．５ｍｇ「ＤＳＥＰ」,患者像（男性、50代、会社員、妻と子供2人の4人暮らし、既往歴（高血圧）、併用薬（バルサルタン）、アドヒアランス○）S「このロスバスタチンっていう薬飲み始めて2ヶ月になるけど、なんか肝臓の値が上がってるんだと。今日血液検査の結果見て、先生がそう言ってたわ。念のため薬変えるってさ。こちとらなんとも感じていないのに、そういうこともあるんだね。」,有,肝機能異常,調剤薬局,+
981,バイアスピリン錠１００ｍｇ,患者像（女性、70代、主婦、夫婦2人暮らし、既往歴（狭心症）併用薬（硝酸イソソルビドテープ、ビソプロロール、アムロジピン）、アドヒアランス良好）S「バイアスピリンを飲み始めてから、なんか手の甲とかに青い出血が見られるんです。痛みはないんですけどね。気づかないうちにぶつけたりしてるのかしら。そんな記憶もないんですが。」,有,出血傾向,調剤薬局,+
133,プレドニゾロン錠１ｍｇ（旭化成）,（女性、７０代，無職，夫　　，異常なし，合併症，既往歴　関節リウマチ、併用リウマトレックス、フォリアミン　服薬アドヒアランス良好）\nS「痛みがあったのステロイド続けてきたけど、前回やった血液検査で血糖値が高くなったって言われたの。もう少し様子見よと先生に言われた。」,有,血糖上昇,調剤薬局,+
841,バルトレックス錠500,患者像（女性、80代、主婦、夫婦2人暮らし、既往歴（高血圧）、併用薬（フロセミド、スピロノラクトン、ツムラ芍薬甘草湯、リリカ）、アドヒアランス良好）S「この間急に幻覚みたいなのが見えてきて。幻聴もして怖かった。主人がすぐ救急車を呼んでくれたんですが、帯状疱疹の薬の副作用ですって。私が夏場なのにお水をあんまり摂らなかったのが悪かったみたいで。1週間ほど入院しましたが、ちゃんと退院できてよかった。」,有,脱水状態による中毒性脳症,調剤薬局,+
795,フォサマック錠35mg,患者像（女性、80代、無職、一人暮らし、既往歴（神経痛）、併用薬（カロナール、リリカ、エルデカルシトール、リマプロスト、メチコバール、マイスリー、エチゾラム、レバミピド）、アドヒアランス良好）S「骨の薬は飲み忘れないよう、カレンダーにシールを貼って管理しているんですが、この間お正月でついつい忘れてしまった。慌てて朝ご飯の後に飲んだんですが、よくなかったかしら？」,有,用法を守らなかったことによる、効果減弱の可能性,調剤薬局,+
941,ロスバスタチン錠２．５ｍｇ「ＤＳＥＰ」,患者像（女性、70代、パート、夫婦二人暮らし、既往歴（緑内障）、併用薬（ラタノプロスト点眼）、アドヒアランス○）S「この間初めてもらったこのロスバスタチンっていう薬、もらうときに筋肉の痛みが出るかもって言ってたでしょう?なんかそう言われると全身痛い感じもするのよね。もう歳も歳だから、そういうものかなとも思うんだけど、念のため気になって。膝とか腰だけというよりは、全体的になんか痛いような感じがする。」,有,筋肉痛（横紋筋融解症の可能性）,調剤薬局,+
829,リトドリン錠5mg「F」,患者像（女性、30代、子供2人と夫の4人暮らし、既往歴なし、併用薬（マグミット）、妊娠7ヶ月、アドヒアランス良好）S「季節の変わり目で寒くなっていってるはずなのに、私だけ全然半袖のままいけるし、おかしいなと思っていたんです。そうしたら今日受診時に先生から火照りとかありませんか？って聞かれて。あ！薬の副作用だったんだって気づきました。」,有,火照り,調剤薬局,+
824,トラムセット配合錠,患者像（女性、90代、無職、娘と2人暮らし、既往歴（骨粗鬆症、白内障、高血圧）、併用薬（カリーユニ点眼、ワンアルファ、アムロジピンOD、センノシド、マグミット、レバミピド）、アドヒアランス良好）S「娘：お母さんがもらっている痛み止め、トラムセットっていうのがちょっと大きすぎるんです。半分に割って飲もうと思っても、この錠剤固くて割りにくくて。どうしたらいいですか？粉々に砕いても大丈夫？」,有,錠剤が大きすぎて服用できない→粉砕対応,調剤薬局,+
142,シナール配合錠,（女性、２０代，会社員，独居　，異常なし，合併症，既往歴　なし、併用　フラビタン　服薬アドヒアランス良好）\nS「半年前から飲んでいます。最近仕事の疲れからか胃もたれが結構あるんです。吐気っていうんでしょうか。吐いちゃったりはしていないです。食事も一応食べれています,有,胃不快感,調剤薬局,+
634,ヨクイニンエキス錠「コタロー」,患者像（女性，30代，会社員，夫と2人暮らし，既往症（肌荒れ），併用薬（なし），アドヒアランス良好）S「肌荒れが気になり皮膚科を受診した。肌荒れを改善する漢方薬を飲んでみてと言われて飲むようになった。飲み始めて２～３日してから気持ち悪い感じがあった。事前にムカムカなどが見られるようであれば回数をヘらして飲んでもいいと説明を受けていたので１日３回から１日２回に減らして飲むようにしたらムカムカは改善した。今は１日２回で続けて肌の調子も少し良くなった気がする。根気よく続けていこうと思う」,有,胃部不快感,調剤薬局,+
130,チラーヂンＳ錠５０μｇ,（女性、２０代，会社員，夫　　，異常なし，合併症，既往歴　なし、併用なし　服薬アドヒアランス良好）\nS「先日会社の健康診断で指摘され受診した。甲状腺機能低下症といわれてこの薬を飲んでいます。ただなんだか飲み始めてから疲れが残る感じがするんです。今日血液検査したので次回効きます。」,有,肝機能障害,調剤薬局,+
38,プレドニゾロン錠１ｍｇ（旭化成）,患者像：30代、女性\n既往歴：なし\n併用薬：イソバイド、アデホスコーワ顆粒、メチコバール、ムコスタ\nアドヒアランス：良好\nS：先週に耳の聞こえが変わっているので受診しました。難聴との診断でした。先週から飲んでいますが、特にお腹の痛みや不調、不眠などもありませんでした。ただ、ちょっと寝つきが悪いかなーという感じはあります。イソバイドも本当に美味しくはないけど、仕方ないので我慢して飲んでます。,無,なし,調剤薬局,-
826,ツロブテロールテープ1mg「久光」,患者像（女性、30代、薬剤師、一人暮らし、既往歴（偏頭痛）、併用薬（アマージ）、アドヒアランス良好）S「私、ツロブテロール貼るとすぐ手が震えちゃって。仕方ないから1mgでいつも処方してもらっているんです。それで咳もある程度治るしね。」,有,手の震え,調剤薬局,+
63,アデホスコーワ顆粒１０％,患者像：50代、女性\n既往歴：なし\n併用薬：イソバイド、ストミン、メチコバール\nアドヒアランス：良好\nS：耳鳴りで継続して飲んでいるものです。ここ最近は耳鳴りすることが減ってきたのですが、やはりまだ耳鳴りしています。そんなにひどくはないけど、飲んでいた方が調子が悪くなりにくい感じがあります。医師からは、良くなったら中止して、次に症状出た時に飲めるようにしていいと言われています。,無,なし,調剤薬局,-
49,トラネキサム酸錠２５０ｍｇ「ＹＤ」,患者像：30代、女性\n既往歴：なし\n併用薬：シナール、フリウェル\nアドヒアランス：良好\nS：3ヶ月前からシミ予防でもらっている。大きく変わったようなこともなかったけど、ここ最近足のむくみがひどくて、時々だるくなったり、痛みを感じる時もある。放っておけば自然と気にならなくなってくるので特に医師には言わなかった。,有,血栓症,調剤薬局,+
34,ウルソデオキシコール酸錠１００ｍｇ「サワイ」,患者像：40代、男性\n既往歴：高血圧\n併用薬：ノルバスク\nアドヒアランス：良好\nS：急に腹部が痛くなり、そのままうずくまってしまいました。職場の同僚が救急車を呼んでくれて助かりました。血圧の薬はよく忘れることがあります。血圧も家では特に測っていなかったので具体的どれくらいかはわかりません。,無,なし,病院（病棟）,-
808,メトトレキサート錠2mg「サワイ」,患者像（女性、50代、パート、子供2人と夫の家族4人暮らし、既往歴（リウマチ）、併用薬（セレコックス、レバミピド、フォリアミン）、アドヒアランス良好）S「メトトレキサートを飲んで1ヶ月、特に自覚症状はないんですが、肝機能の値が少し悪くなっているとのこと。そこで黄色いお薬も飲むことになりました。ただでさえ、週1の服用を忘れないよう頑張っているところなのに、その次の日も忘れないようにしないといけないのね。」,有,肝機能障害,調剤薬局,+
964,エディロールカプセル０．７５μｇ,患者像（女性、70代、主婦、一人暮らし、既往歴（狭心症、高血圧）、併用薬（フランドルテープ、ニフェジピン、テノーミン）、アドヒアランス良好）S「娘がお勧めしたくれたサプリメントを数ヶ月前から飲み始めたんだけど、合わないのかしら。なんか最近食欲がないのよね。なんてサプリだったかしら。私骨の薬も飲んでいるし、これ以上悪くならないようにって、確かカルシウムのサプリだったと思います。」,有,Ca、Mg含有のサプリとの併用による高カルシウム血症,調剤薬局,+
29,マグミット錠３３０ｍｇ,患者像：30代、女性\n既往歴：なし（妊娠中）\n併用薬：なし\nアドヒアランス：良好\nS：お腹が大きくなってきたせいか、便秘気味になっています。今回の薬は妊娠中でも大丈夫でしょうか？\n調子に合わせて調節していいと言われたけど、どのように調節すればいいいいですか？,無,なし,調剤薬局,-
904,イフェクサーSRカプセル37.5mg,患者像（女性、30代、会社員、一人暮らし、既往歴なし、併用薬（ツムラ抑肝散加陳皮半夏、セルシン）、アドヒアランス良好）S「生理前になるとイライラが増す。この薬で食欲が落ちて体重が少し減った。体重が減ったのは嬉しいけれど、食事が美味しく感じられないのは辛い。」,有,食欲減退、体重減少,調剤薬局,+
849,ルナベル配合錠,患者像（女性、20代、会社員、両親と3人暮らし、既往歴なし、併用薬（クラシエ温経湯）、アドヒアランス良好）S「ピルって抵抗があったんですが、生理痛がひどすぎるため、やむなくスタートすることに。でも、やっぱり吐き気が辛い。私ってひどい方ですかね。もう飲みたくない。」,有,吐き気,調剤薬局,+
885,クエン酸第一鉄ナトリウム「サワイ」,患者像（女性、30代、会社員、既往歴・併用薬なし、妊娠5ヶ月、アドヒアランス良好）S「血液検査で貧血になっていたから鉄剤を飲まないといけないんですが、これを飲むとお腹が痛くなる。先生はよっぽど酷くない限りは飲んで欲しいと言っていたけど。憂鬱です。」,有,腹痛,調剤薬局,+
573,リリカＯＤ錠２５ｍｇ,患者像（女性，50代，パート，夫婦二人暮らし，既往症（神経障害性疼痛），併用薬（ロキソプロフェン、レバミピド），アドヒアランス良好）\nS「神経の痛みで通院中。薬を飲み始めてから徐々に体重が増えてきた。飲み始めのころに比べたら体重が3ｋｇくらい増えた。旦那にも『太ったね』と言われて傷ついた。薬の影響もあるのではないかと心配になり薬を変更してもらった。カロリーコントロールもするようにして今では少しずつ体重ももとに戻りつつある」,有,体重増加,調剤薬局,+
939,アムロジピンＯＤ錠５ｍｇ「トーワ」,患者像（女性、50代、会社員、子供1人と夫の家族3人暮らし、既往歴（喘息）、併用薬（アドエア））S「ついにこの間健康診断で引っかかっちゃって、この血圧の薬を飲み始めたんだけど、歯磨きの時に血が出ることが多くて。お薬の説明の紙にも書いてあったし気になりました。これは自然に体が慣れて、治ってくるものなの?放っておいても大丈夫?」,有,歯肉肥厚,調剤薬局,+
192,ワーファリン錠１ｍｇ,患者像（８０代男性、既往歴（心筋梗塞、糖尿病、老人性乾皮症）、併用薬（アムロジピン（５）、ラベプラゾール、アスパラカリウム、ボグリボース、ヒルドイドソフト軟膏）、アドヒアランス良好）\n最近肌の乾燥が酷くて痒みが酷くて皮膚科に行ってきた。\nもらってきた塗り薬塗っていたらぶつけてもないのに塗ったところが内出血起こしている。\n血液サラサラにする薬は飲んでいるけど今までこんなになったことはない。,有,ヒルドイドソフト併用による血行促進作用による内出血,調剤薬局,+
64,アデホスコーワ顆粒１０％,患者像：50代、女性\n既往歴：難聴\n併用薬：イソバイド、ムコスタ、メチコバール、プレドニン\nアドヒアランス：良好\nS：昨日くらいから急に耳の聞こえが悪くなってしまって。こういうことは初めてなのでびっくりしましたね。ステロイドで治療するとは聞いています。ステロイドは飲んだことがないのですが、副作用はあるんでしょうか。あまりステロイドにはいい話を聞かないので少し不安です。,無,なし,調剤薬局,-
189,エディロールカプセル０．７５μｇ,患者像（８０代女性、既往歴（骨粗しょう症）、併用薬（アレンドロン酸）、アドヒアランス良好）\n今回から骨の薬は一旦中止すると言われました。\n血液検査の結果が良くなかったみたい。血液の中のカルシウムが多すぎるって言われました。,有,高カルシウム血症,調剤薬局,+
182,カルボシステイン錠５００ｍｇ「トーワ」,患者像（３０代女性、既往歴（喘息）、併用薬（シムビコート、テオフィリン、プランルカスト、アンブロキソール、ビソルボン）、アドヒアランス不良）\n風邪を引いたら喘息症状が悪化してしまった。息苦しさもあるのに痰の絡みが酷くて余計に苦しい。\n前回から吸入薬を増量して、痰切りもだしてもらったけど薬のせいかわからないけどものすごく口が乾く。\n喘息症状は前回と比べると少し落ち着いてきた。,有,口渇（痰切り併用による）,調剤薬局,+
9,アジルバ錠２０ｍｇ,患者像：80代、男性\n既往歴：糖尿病、前立腺肥大症\n併用薬：ザルティア、テネリア\nアドヒアランス：良好\nS：いつも飲んでいるものです。体調も特に変わりない。血液検査はこの前やって、今日、結果を聞いたけど、特に問題ないと言われた。寒くなってきたけど血圧はそんなに変わりない。先生もこのままでいいでしょうって。,無,なし,調剤薬局,-
66,ザイザルシロップ０．０５％,患者像：5歳、女児\n既往歴：なし\n併用薬：ムコダイン、オノン、アスベリン、アラミスト\nアドヒアランス：良好\nS：鼻水が出ているので受診しました。鼻水が喉に落ちてくるようでよく咳き込んだりもしています。点鼻も初めてなので嫌がりそうですね。飲み薬は美味しいようで昔からよく飲んでくれます。,無,なし,調剤薬局,-
16,ロスバスタチン錠２．５ｍｇ「ＤＳＥＰ」,患者像：40代、男性\n既往歴：なし\n併用薬：なし\nアドヒアランス：良好\nS：健康診断でコレステロールが高いと指摘されて受診しました。そんなに油っぽいものを食べていたつもりはないんですが、高買ったかったみたいです。医師からは食事の改善についても指導がありました。揚げ物を控えればいいですかね。一人暮らしで料理はしないので基本的に外食なので少し難しいですね。,無,なし,調剤薬局,-
566,セレコックス錠１００ｍｇ,患者像（女性，40代，主婦，夫と子供と3人暮らし，既往症（頸椎の痛み），併用薬（タリージェ、ノイロトロピン、ロキソニンテープ），アドヒアランス良好）\nS「首と肩の痛みで通院中。リリカという薬を飲んでいたがあまり良くならないので違う薬を試してみることになった。飲み始めてからどうも眠くて眠くて家事に身が入らなくなってしまった。どうやら薬のせいだとわかった。タリージェで眠気が出るらしいとのことで、１回5mg１日２回で飲んでいたが、1回2.5mgに減量してからは眠気もなくなりました。痛みも徐々に改善してきています」,有,眠気,調剤薬局,+
42,メチコバール錠５００μｇ ０．５ｍｇ,患者像：30代、女性\n既往歴：なし\n併用薬：イソバイド、メリスロン、アデホスコーワ\nアドヒアランス：良好\nS：めまいがするので飲んでいます。薬を飲んでいれば楽にはなります。ただ、飲むのを忘れるとめまいがすることもあります。症状としては軽いですが、また症状が出ると嫌なので飲んでいます。粉は飲みにくくて苦手です。シロップは美味しくないですが、さすがに慣れてしまいましたね。,無,なし,調剤薬局,-
985,メトグルコ錠２５０ｍｇ,患者像（女性、60代、主婦、夫婦2人暮らし、既往歴（高血圧、喘息）、併用薬（レルベア吸入、イルべサルタン、スピロノラクトン、フォシーガ、ピオグリタゾン、グリメピリド、エクア）、アドヒアランス良好）S「旅行先で初めて低血糖をやってしまいました。お友達とハイキングに行ったんです。その日のお夕飯がご馳走だって聞いていたから、お腹をすかすために、お昼もほとんど食べずに、頑張って歩き続けたんです。そうすると、急に目の前がチカチカして、気持ち悪くなってきたんです。そのうち手が震え出して、これはいけない！と非常時のチョコレートを食べて、しばらくしたら治ってきました。あれが低血糖なんですね。私血糖値が高いから油断していました。HbA1c：8.0」,有,低血糖,調剤薬局,+
917,タリージェ錠,患者像（女性、40代、主婦、母と娘に夫の家族4人暮らし、既往歴（高血圧、坐骨神経痛）、併用薬（オルメサルタン、カロナール）、アドヒアランス良好）S「リリカでは眠気がひどいからタリージェに変えてもらいましたが、これを飲み始めたから娘に太った？と聞かれる。確かに3キロ増えたし、自分でも顔が浮腫んだなとは思ったけど、ショック。また戻してもらおうかな。」,有,顔の浮腫み、体重増加,調剤薬局,+
827,ツロブテロールテープ1mg「久光」,患者像（男性、10代、小学生、両親と3人暮らし、既往歴（軽度アトピー）、併用薬（ヒルドイド、アルメタ、リンデロンV）、アドヒアランス良好）S「母親：この子肌が弱いからか、この間もらった咳止めのテープでも、1日貼ってるとかぶれるみたいなんです。先生に言って飲み薬に変えてもらったほうがいいのかしら。半日だけじゃ効果ないもんね。」,有,かぶれ,調剤薬局,+
951,マグミット錠３３０ｍｇ,患者像（女性、80代、主婦、一人暮らし、既往歴（緑内障、骨粗鬆症）、併用薬（エディロール、リカルボン）、アドヒアランス良好）S「この間急に吐き気が強くて、救急病院を受診したら、高マグネシウム血症っていうのだったんですって。びっくりよね。骨の薬とマグミットを一緒に飲んでいるからそうなったみたい。私マグミットを1日6錠、下手したらもう少し追加で飲むこともあるんだけど、追加するのは止めるよう言われたわ。骨の薬もできたら別のに変えれないか整形の先生に聞いてみる。」,有,ビタミンD製剤との併用による高マグネシウム血症,調剤薬局,+
856,グルベス配合錠,患者像（女性、50代、自営業、子供2人と夫の4人暮らし、既往歴なし、併用薬（ピオグリタゾン、メトグルコ、ジャディアンス、テネリア）、アドヒアランス不良）S「もう体重減らせ、減らせって医者もしつこいわ。好きなもん食べて死んだら本望や。薬もなんでか余ってくるんよ。このグルベスなんて食べる前でしょ。すぐ忘れちゃって。HbA1c：8.5」,有,飲み忘れによる血糖値上昇,調剤薬局,+
818,オランザピン錠10mg「アメル」,患者像（男性、30代、無職、一人暮らし、既往歴なし、併用薬（レスリン、ロラゼパム、エチゾラム、コントミン、バルプロ酸、トリヘキシフェニジル、マグミット）、一包化、アドヒアランス不安）S「薬の作用で仕方ないんかもしれないけど、手とか足がガタガタ震えて、情けない。それを抑えるランドセンという薬がまた新しく出たけれど、もう薬が増えるのも億劫で。治るんでしょうか。」,有,アカシジア,調剤薬局,+
823,トラムセット配合錠,患者像（女性、70代、主婦、夫婦二人暮らし、既往歴（神経痛、骨粗鬆症、緑内障）、併用薬（サインバルタ、レバミピド、メチコバール、ノイロトロピン、エビスタ、マグミット、センノシド、ラタチモ点眼）、アドヒアランス良好）	S「トラムセットはよく効くんだけど、ちょっと便秘がひどくなった気がする。マグミットを増やしてもらったんですが、そうすると骨の薬と相性が良くないとかで、アルファカルシドールからエビスタというやつに薬が変わりました。」,有,便秘,調剤薬局,+
982,フェブリク錠１０ｍｇ,患者像（男性、70代、アルバイト、夫婦2人暮らし、既往歴（高血圧、高脂血症、肝臓病）、併用薬（ウルソデオキシコール酸、シンバスタチン、シルニジピン、アジルバ）、アドヒアランス良好）S「この間もらったフェブリク飲むとな、なんかこう節々が痛い気がする。指の付け根とか肘とか。まさか痛風か?と思ったんだけど、そこまで強い痛みでもないんだよな。」,有,関節痛,調剤薬局,+
873,ベタニス錠50mg,患者像（女性、60代、夫婦2人暮らし、既往歴（高血圧）、併用薬（アムバロ配合錠）、アドヒアランス良好）S「前のウリトスほどではないですけど、この薬も口が乾くね。おしっこの薬はある程度もう仕方がないって先生に言われた。」,有,口渇,調剤薬局,+
1013,アムロジピンＯＤ錠５ｍｇ「トーワ」,患者像（女性，70代，夫と2人暮らし，既往歴（高血圧），併用薬なし，アドヒアランス良好，アイミクスHD服用していたが今回から単剤イルベサルタンに変更）\nS「１週間前に来た時に歯茎が腫れて歯医者さんに通ってる話したでしょ．その時に，ここの薬剤師さんにもしかしたら今飲んでいるお薬のせいかもと教えてもらったのよ．その薬剤師さんが先生にも報告してくれたんだけど，そしたら今日，先生に今までのお薬から他のものに変えてみましょうかって．しばらく今回の薬で様子見るように言われました．」,有,歯肉肥厚,調剤薬局,+
984,メトグルコ錠２５０ｍｇ,患者像（男性、50代、会社員、一人暮らし、既往歴（高血圧）、併用薬（ルセフィ、トラゼンタ）、アドヒアランス不良）S「ルセフィを飲み始めてから、血糖値も落ち着いて、すっかり調子に乗っていました。この間飲み会でついつい飲みすぎちゃって。そうしたら、急に気持ち悪くなって、下痢・嘔吐。これはただの飲み過ぎじゃないって救急車で運ばれちゃいました。結局乳酸アシドーシスというものだったようです。HbA1c：6.5」,有,乳酸アシドーシス,調剤薬局,+
897,アラミスト点鼻液,患者像（男性、15歳、中学生、既往歴（花粉症）、併用薬（ザイザル）、アドヒアランス良好）S「アラミストの使用方法の紙をよく見ると12歳以上は1日1回、1回2噴霧って書いてあるんですが、先生の指示は1回1噴霧だったので、1噴霧しかしていなかった。これは2噴霧しても大丈夫なの？」,有,添付文書通りの用法で指示できていなかったため、効果不十分であった可能性,調剤薬局,+
811,テルネリン錠1mg,患者像（男性、60代、無職、夫婦2人暮らし、既往歴（高血圧、高尿酸血症、うつ病）、併用薬（ザクラス配合錠、フェブリク、ロキソニン、ツムラ芍薬甘草湯、デプロメール、デパス、マイスリー）、アドヒアランス不安あり（お薬手帳希望×））S「この間ここからもらった肩こりの薬な、あれ飲んだらダメなやつだったって。急に意識遠くなって、救急車。なんか精神科でもらっている薬と一緒に飲んだから、そうなったんだと。すぐ退院できたけど、おたくも気をつけてな。命に関わることだったんやぞ。」,有,テルネリン×デプロメールの併用禁忌→作用増強によるふらつき,調剤薬局,+
571,デパス錠０．５ｍｇ,患者像（女性，30代，会社員，夫と2人暮らし，既往症（抑鬱），併用薬（レキソタン、ドグマチール），アドヒアランス良好）\nS「上司が変わってストレスが増え抑鬱と診断され通院中。食欲も落ちてしまい、体重も1ヶ月で3kg落ちてしまった。薬を飲み始めてから少しずつ食欲も戻ってきてはいるが、生理が不規則になってしまった。体重が落ちたことが原因かもしないと思っていたがどうも薬の影響もあるらしい。食欲も戻ってきたのでドグマチールという薬をいったんやめて様子を見た。翌月の生理からまた規則的に来るようになった」,有,生理不順,調剤薬局,+
45,シナール配合錠,患者像：40代、女性\n既往歴：なし\n併用薬：シナール、トランサミン、ドレニゾンテープ、アンテベート\nアドヒアランス：良好\nS：昨日、料理中に火傷をしてしまいました。結構ひどくやってしまったので痛みもかなりありました。テープ財材は患部に切って貼ればいいと聞いています。内服薬は、綺麗に直すためだと聞いています。結構ひどいので傷跡が残らないか心配です。,無,なし,調剤薬局,-
828,リトドリン錠5mg「F」,患者像（女性、30代、子供1人と夫の3人暮らし、既往歴なし、併用薬（マグミット）、妊娠8ヶ月、アドヒアランス良好）S「リトドリン飲むとどうしても手が震える。普通に過ごしている分には問題ないんだけど、産休中にペン習字しようと思ったら全然ダメでした。」,有,手の震え,調剤薬局,+
793,フォサマック錠35mg,患者像（女性、80代、無職、娘夫婦と3人暮らし、既往歴（高血圧、認知症、神経痛）、併用薬（ドネペジル、メマンチン、アムロジピン、エナラプリル、リリカ、アルファカルシドール）、一包化、娘さん管理、アドヒアランス良好）S「娘：認知症が進んできて、そろそろフォサマックをちゃんと飲ませるのすら難しくなってきた。30分は水しか飲んじゃダメっていうのに、隠れてなんか食べたりしてるんです。」,有,服用後30分以内の飲食により、吸収が阻害されている可能性,調剤薬局,+
884,パルモディア錠,患者像（女性、60代、会社員、夫婦二人暮らし、既往歴（高血圧、脳梗塞）、併用薬（シロスタゾール、ニフェジピン、バイアスピリン、プラバスタチン）、アドヒアランス良好）S「前もらっていたベザフィブラートはどうも体に合わなかった。なんか分からないけど、肝臓？の値がよくないとかなんとか先生が言っていた。新しいのは高いから嫌だけど、体のためだから仕方ないね。」,有,ベザフィブラートで肝機能悪化,調剤薬局,+
149,トラネキサム酸錠２５０ｍｇ「ＹＤ」,（女性、２０代，自営業，独身，異常なし，合併症，既往歴　なし、併用　アスベリン　ツムラ桔梗湯　カロナール　服薬アドヒアランス良好）\nS「最初は熱があったので病院に来ました。扁桃腺が腫れていると先生に言われました。まだのどの痛みが続いているのでもう1週間続けることになりました。扁桃腺が腫れているからか食欲があまりないんです。」,有,食欲不振,調剤薬局,+
55,バイアスピリン錠１００ｍｇ,患者像：40代、男性\n既往歴：脳梗塞\n併用薬：プラビックス、ラジカット\nアドヒアランス：良好\nS：急に倒れて意識がなくなってしまって。気がついたら病院にいたという感じです。全くの健康体だったのでびっくりしました。割と健康にも気を使っていたのですが、こんなふうになるとは。今のところ、気持ち悪いとか湿疹ができている感じはないですね。これから薬を飲まないと行けなくなるのは大変ですが付き合っていくしかないですね。,無,なし,病院（病棟）,-
2,セレコックス錠１００ｍｇ,患者像：60代、女性\n既往歴：糖尿病、高血圧\n併用薬：イニシンク、アムロジン、メチコバール\nアドヒアランス：良好\nS：手に痺れに似たような痛みがあったので服用しています。まだ痺れは改善されてませんけど、前ほどの痛みは少なくなったように思います。特に副作用のような症状は感じてません。食事の改善もやっていますがなかなか続かないですね。つい面倒になってしまってスーパーのお惣菜で済ませてしまいます。,無,なし,調剤薬局,-
51,トラネキサム酸錠２５０ｍｇ「ＹＤ」,患者像：40代、女性\n既往歴：なし\n併用薬：アドナ\nアドヒアランス：良好\nS：腹痛が以前よりあり、紹介されてきました。今日は子宮内の検査をしました。子宮組織をとって検査すると先生は言っていましたね。なので、少し出血があるかもしれないと聞いています。風邪とかでも処方される薬ですよね。以前にも同じ名前のものを飲んだことがあります。,無,なし,病院（病棟）,-
82,FEC療法（フルオロウラシル，エピルビシン，シクロホスファミド）,患者像：40代、女性\n既往歴：乳がん\n併用薬：イメンド、デカドロン、プリンペラン、\nアドヒアランス：良好\nS：注射をしてきました。今日はまだ体調はいい方ですね。前回の注射の時に膀胱炎のような症状がありました。残尿感とか痛みとかが少し。しばらく様子を見ていたらいつの間にか消えていたので特に先生には言わなかったです。今回もあったら先生に連絡してみますね。,有,膀胱炎,調剤薬局,+
816,オランザピン錠10mg「アメル」,患者像（女性、50代、主婦、夫婦2人暮らし、既往歴（統合失調症）、併用薬（ロラゼパム、レクサプロ、エチゾラム、アルプラゾラム、バルプロ酸、ビペリデン）、一包化、アドヒアランス良好）S「オランザピンを飲むと太る！嫌だって先生に伝えているのに、全然聞いてくれない。イライラするし、どうしたらいいんでしょう。」,有,体重増加,調剤薬局,+
36,チラーヂンＳ錠５０μｇ,患者像：30代、男性\n既往歴：なし\n併用薬：なし\nアドヒアランス：良好\nS：最近、だるかったり、眠気がひどいことがあって内科を受診していました。あまり改善しなかったので色々検査をしたところ、原因がはっきりした感じです。普段から健康体だと思っていたので驚きました。,無,なし,調剤薬局,-
889,アイラミド配合懸濁性点眼液,患者像（男性、70代、無職、夫婦2人暮らし、既往歴（高血圧）、併用薬（チモロール点眼、ヒアロンサン点眼、アムロジピン）、アドヒアランス良好）S「この間から新しくもらっているカッコ良い名前の目薬ね。あれは良く効く薬が2つも入っていると聞いているんだけど、なんか目が霞むんだよね。しばらくしていると戻るんだけど。前アイファガンだけの時はそんなことなかったのにな。」,有,霧視,調剤薬局,+
117,ネキシウムカプセル２０ｍｇ,（男性，５０代，自営業，妻子あり，異常なし，合併症の無，既往歴なし、ガスモチン錠，服薬アドヒアランス良好）\nS「胃カメラで逆流性食道炎と言われた。この薬飲み始めて痛みは収まってきた。朝の酸っぱい感じもずいぶんなくなったね。関係ないかもしれないけど最近お腹が張る感じがするんだ。痛いとかではないんだけどね。」,有,腹部膨満,調剤薬局,+
54,バイアスピリン錠１００ｍｇ,患者像：40代、男性\n既往歴：脳梗塞\n併用薬：アムロジン、ザイロリック、クレストール\nアドヒアランス：良好\nS：いつもきっちり飲めている。検査値の結果が今日だったけど、大丈夫だって。このまま継続でいいでしょうと。脳梗塞の症状とかも特に最近も出ていない。体調は安定している。血が止まらないということも特にない,無,なし,調剤薬局,-
890,アイラミド配合懸濁性点眼液,患者像（女性、80代、無職、娘夫婦と3人暮らし、既往歴（白内障、緑内障、骨粗鬆症）、併用薬（カリーユニ点眼、ヒアレイン点眼、サンコバ点眼、ミケラン点眼、キサラタン点眼、エディロール、センノシド、メチコバール、マグミット、ボノテオ）、アドヒアランス良好）S「娘：母の目薬の種類が多くて困っています。右目と左目で症状が違うから仕方ないんですが、右と左と、数種類時間を開けて間違えずに打つのが難しい。特にこの目薬は懸濁性だから最後にと思っているんですが、ごちゃごちゃになってしまう。もう忘れるくらいなら大切な薬なので、最初に打ってもいいですかね？」,有,目薬が多いことにより、順番が煩雑に,調剤薬局,+
861,ラミクタール錠25mg,患者像（女性、40代、無職、両親と3人暮らし、既往歴（双極性障害）、併用薬（炭酸リチウム、バルプロ酸、ゾルピデム、エチゾラム）、一包化、アドヒアランス良好）S「ラミクタールを飲むと気持ち悪くなります。先生が増量していくと言っていたけれど、気が乗らない。」,有,吐き気,調剤薬局,+
15,ロスバスタチン錠２．５ｍｇ「ＤＳＥＰ」,患者像：60代、男性\n既往歴：高血圧、高尿酸血症\n併用薬：ミカルディス、フェブリク\nアドヒアランス：良好\nS：もう何年も飲んでいるもの。血液検査もたまにやっている。数値はそんなに悪くないと言われている。ただ、最近、全身が筋肉痛のような痛みがちょっとだけある。そんなに気になる程でもないが。そういえば先生には言ってない。,有,横紋筋融解症,調剤薬局,+
90,ノルバデックス（タモキシフェン）,患者像:40代女性\n既往歴:なし\n併用薬:ブロチゾラムOD錠0.25mg\nアドヒアランス:良好\nS: ノルバデックスを飲み始めてから、突然暑くなって汗をかいたり動悸がしたりしています。医師に話したら、ホットフラッシュって言われました。それに再発するんじゃないかという不安な気持ちが夜に強くなって中々眠れないんです。,有,ホットフラッシュ,調剤薬局,+
902,イフェクサーSRカプセル37.5mg,患者像（男性、20代、会社員、夫婦二人暮らし、既往歴なし、併用薬（アルプラゾラム）、アドヒアランス良好）S「会社でのストレスからうつ病って言われたんです。この薬飲み始めて少し落ち込みはマシになりましたが、最初は吐き気がきつかった。まだ我慢できるようにはなってきました。」,有,吐き気,調剤薬局,+
593,マグミット錠３３０ｍｇ,患者像（女性，30代，パート，夫と2人暮らし，既往症（便秘症），併用薬（アミティーザ），アドヒアランス良好）\nS「便秘がひどくて受診した。夜に薬を飲んだら寝る前に腹痛があって、便も水っぽいし吐き気もした。医師に相談したら追加になった薬のせいだろうって言われてアミティーザが中止になった。薬を飲むのをやめてから吐き気や腹痛は治まったし、2日くらいで下痢も落ち着いた。薬が合っていなかったんだろうね」,有,下痢、吐き気、腹痛,調剤薬局,+
1018,プレドニゾロン錠１ｍｇ（旭化成）,患者像（女性，50代，夫と義母と同居，既往歴（関節リウマチ），併用薬（メトトレキサート，フォリアミン，アドヒアランス良好）\nS「今回から骨の薬が追加になりました．ステロイドを飲み始めてから，定期的に骨の検査もしてます．先生に骨密度が下がってきていると言われてしまいました．年齢のせいもあるからそんなに心配しなくていいよって．リウマチの症状が落ち着いているみたいだから，様子を見ながらステロイドを減らしていくことも検討していこうと言われています．」,有,骨粗鬆症,調剤薬局,+
188,プレドニゾロン錠１ｍｇ（旭化成）,患者像（３０代女性、既往歴（リウマチ）、併用薬（セレコックス、ムコスタ、モーラステープ）、アドヒアランス良好）\n関節に痛みがあるので痛み止めを使っていましたが、精密検査をしたらリウマチと言われてしまいました。\nステロイドを服用し始めましたが少し吐き気があります。症状によって増量すると言われているのでちょっと心配です。,有,吐き気,調剤薬局,+
958,チラーヂンＳ錠５０μｇ,患者像（女性、60代、主婦、夫婦2人暮らし、既往歴（糖尿病、高血圧）、併用薬（ノボラピッド、ランタスXR、ピオグリタゾン、グリメピリド、メトグルコ、グラクティブ、スーグラ）、アドヒアランス良好）S「最近チラーヂンの量が増減していることで、血糖コントロールもうまくいかないの。先生がどうしても甲状腺ホルモンの薬は血糖値を変動させてしまうって言ってるんだけど。食事や運動頑張っているから、血糖値が上がっているとへこむ。HbA1c：7.3」,有,血糖値変動,調剤薬局,+
1006,フェマーラ（レトロゾール）,患者像（女性、60代、主婦、夫婦二人暮らし、既往歴（胃潰瘍）、併用薬（カロナール、オメプラゾール）、アドヒアランス良好）S「服用して2〜3ヶ月すると関節の痛みが出てきました。それ以外にも、だるくなったり、眠くなったり。色々感じています。まあその辺りは我慢できますが、関節痛だけは痛み止めがないと辛い。」,有,関節痛、倦怠感、眠気,調剤薬局,+
864,メルカゾール錠5mg,患者像（女性、50代、会社員、夫婦二人暮らし、既往歴（高血圧）、併用薬（アムロジピン）、アドヒアランス良好）\nS「メルカゾール飲み出してから、足をよく攣るようになったんです。先生に言うと、数ヶ月すれば治ってくるだろうとのことなんですが。昼夜問わず急に攣るので、すごく不安。」,有,こむら返り,調剤薬局,+
56,フェブリク錠１０ｍｇ,患者像：30代、男性\n 既往歴：なし\n 併用薬：なし\nアドヒアランス：良好\n S：先週、急に足が痛くなって、受診したら痛風発作だと言われました。痛みはもう落ち着いています。尿酸値は13とかでした。今回からこちらを飲んで尿酸値を下げる治療をしますと説明がありました。食事に気をつけるように言われましたが、自炊とかできないのでどうしようかなという感じです。,無,なし,調剤薬局,-
52,ワーファリン錠１ｍｇ,患者像：70代、男性\n既往歴：心筋梗塞\n併用薬：メインテーとト、アムロジン、ザイロリック\nアドヒアランス：良好\nS：ちょっと腕をぶつけてしまって、大きなあざになってしまった。言われていた通り、なかなか治らない。出血はないけど内出血がやはり強いね。今日の検査でINRは特に問題ないと言われたのでいつもの量でいいでしょうと。,有,出血傾向,調剤薬局,+
773,スーグラ錠50mg,患者像（男性、70代、アルバイト、夫婦二人暮らし、既往歴（高尿酸血症）、併用薬（フェブリク）、アドヒアランス良好）S「糖尿で始めたスーグラという薬、あれを飲んでからなんか腕に赤い発疹が出ている気がするんです。すごくひどい訳ではないんですが、少し気になって。HbA1c：7.2」,有,発疹,調剤薬局,+
792,メキタジン錠3mg「日医工」,患者像（女性、20代、学生、一人暮らし、併用薬・既往歴なし、アドヒアランス良好）S「この間風邪の時にもらったメキタジンという薬を飲むと、口の中も鼻の中もカピカピになるんです。喉が渇いて仕方ないし、鼻水が治っているのであれば、飲まなくていいですか？」,有,口渇,調剤薬局,+
1024,バイアスピリン錠１００ｍｇ,患者像（男性，60代，夫婦で二人暮らし，既往歴（高血圧，脂質異常症，脳梗塞），併用薬（カルベジロール，アトルバスタチン），アドヒアランス良好）\nS「もうずっと飲んでいる薬だから薬のことで気になることはないです．関係ないと思うけど，２，３日前から時折胃がひどく痛みます．何も悪いものは食べていないと思う．一時的なものかとは思いますが，昔大きな病気もしたし，年齢が年齢なのでちょっと心配です．」,有,消化性潰瘍，消化管出血,調剤薬局,+
789,オルメテック錠20mg,患者像（男性、60代、アルバイト、夫婦2人暮らし、既往歴（高血圧、高尿酸血症）、併用薬（ウリアデック、ビオフェルミン、SM散、アムロジピン）、アドヒアランス良好）S「ここ数ヶ月お腹がかなり緩くて。体重も減っていくから、なんだろうなと思っていたんですが、どうやらオルメテックを飲み始めた時期と近い気がするんです。それを先生に伝えたら、まれにそういう副作用も出ることがあるということで、念のために薬を変えることになりました。」,有,継続するひどい下痢,調剤薬局,+
628,アデホスコーワ顆粒１０％,患者像（女性，30代，パート，夫と息子2人暮らし，既往症（メニエール病），併用薬（メリスロン），アドヒアランス良好）S「眩暈、ふらつきが出るようになりメニエール病と診断され薬を飲み始めた。飲み始めてすぐ頭痛がするようになった。今飲んでいる薬の中に血行を良くして頭痛を起こすことがあるものが入っていると言われた。１日３回で飲んでいた薬を１日２回に減量してからは頭痛は徐々に落ち着いてきた。メニエールの経過も良好で問題無く薬を続けられるようになった」,有,頭痛,調剤薬局,+
60,メトグルコ錠２５０ｍｇ,患者像：60代、男性\n既往歴：痛風、脂質異常症\n併用薬：クレストール、フェブリク\nアドヒアランス：不良\nS：HbA1cが高くて食事療法なんかもやっていたけど下がらなかったので前回から飲み始めた。そんなに具合悪くなるようなこともないけど、おならがよく出るようになった気がします。日常生活に差し支えることはそんなにないですが。,有,放屁,調剤薬局,+
50,トラネキサム酸錠２５０ｍｇ「ＹＤ」,患者像：20代、男性\n既往歴：なし\n併用薬：メイアクト、ムコダイン、アレロック\nアドヒアランス：良好\nS：急に寒くなったせいか、喉から風邪を引いてしまったようです。だいたいどの薬も飲んだことがあると思います。ただの風邪だと思いますが、抗生剤は飲んだ方がいいのでしょうか。医師からは「ひどくなったら」と言われていますが。抗生剤じゃない薬も最後まで全部飲み切った方がいいですか？,無,なし,調剤薬局,-
855,グルベス配合錠,患者像（男性、50代、会社員、子供2人と妻の4人暮らし、既往歴（高血圧）、併用薬（ジャヌビア、メトグルコ、オルメテック）、アドヒアランス良好）S「グルファストからこの間このグルベスに切り替わったけど、お腹にガスが溜まる感じが強い。オナラもよく出るし、外で気を使う。前のに戻すのは難しいのかな。血糖値下げないと。HbA1c：7.9」,有,腹部膨満、放屁,調剤薬局,+
875,ケトプロフェンテープ40mg「パテル」,患者像（男性、70代、一人暮らし、既往歴（高血圧、前立腺肥大）、併用薬（アムロジピン、タムスロシン）、アドヒアランス良好）S「この間膝が痛くてもらった湿布、貼ってるところが赤く腫れてしまった。そんなに肌が弱い方でもないんだけど。普段は半ズボンで過ごしている。」,有,光線過敏症,調剤薬局,+
23,ミヤＢＭ錠,患者像：10代、女性\n既往歴：なし\n併用薬：モビコール\nアドヒアランス：良好\nS：先日から便秘気味なのが続いていて。モビコールも効いてはいるのですが、ちょっと本人が飲むのをつらそうにすることがあるので違う方法がないか相談しました。整腸剤で改善するなら飲ませるのは楽なのでありがたいのですが。前にも飲ませたことがあるので問題なく飲めると思います。,無,なし,調剤薬局,-
969,シナール配合錠,患者像（女性、20代、美容師、一人暮らし、既往歴なし、併用薬（トラネキサム酸、デュフェリンゲル、ヒルドイドローション）、アドヒアランス良好）S「先日からデュフェリンゲルを使い始めたんですが、塗ったところが赤くなっているんです。説明の紙には乾燥したり、ピリピリする痛みはあるかもしれないって書いてあるけど、こんなに赤くなって大丈夫なの?」,有,デュフェリンゲルによる赤み,調剤薬局,+
570,デパス錠０．５ｍｇ,患者像（女性，40代，パート，夫と子供と同居，既往症（不眠症、抑鬱），併用薬（レンドルミン），アドヒアランス良好）\nS「家のことと仕事の両立で心身にストレスがかかり通院中。夜眠れないのがつらくて薬を出してもらった。飲んだ翌日頭が重くぼーっとするようになった。薬が効きすぎていたのかもしれない。医師から翌日持ち越すようなら半分にして飲んでもいいって言われていたから半分にして飲むようにしたら翌日の頭痛や眠気はなくなった。今は体調に応じて調節しながら続けている」,有,頭痛、眠気,調剤薬局,+
905,ピルシカニドカプセル25mg,患者像（男性、60代、会社員、夫婦2人暮らし、既往歴なし、併用薬（ヘルベッサー、ワーファリン、ハーフジゴキシン）、アドヒアランス良好）S「先生が血液検査で薬の効き具合を調べてくれてるらしい。どの薬か分からないけど、飲むと軽く目眩がする。まあ今は運転も控えているし、日常生活だけなら問題はないと思う。」,有,目眩,調剤薬局,+
794,フォサマック錠35mg,患者像（女性、70代、主婦、夫婦2人暮らし、既往歴（高血圧）、併用薬（ニフェジピン、カロナール）、アドヒアランス良好）S「この間から始まった朝の骨の薬なんですけどね、あれを飲むと吐き気がする気がするんです。お腹空いている時に飲むからかしら。じきに慣れてくればいいんですが。」,有,吐き気,調剤薬局,+
932,リリカＯＤ錠２５ｍｇ,患者像（女性、80代、主婦、娘夫婦と3人暮らし、既往歴（骨粗鬆症、高血圧、認知症）、併用薬（フォサマック、ディオバン、コニール、メマリー、アリセプト）、アドヒアランス不良、一包化））S「患者同居娘；母が夜急にふらつき、転倒してしまいました。頭を机にぶつけたので、慌てて救急を受診しましたが、特に大きな問題はなかったようでよかったです。いつもお薬カレンダーに入っている薬を私が渡すんですけど、残っている薬を数えてみたところ、自分で勝手に1回分多く服用していたようでした。救急搬送時血圧は110/65で問題はなかったようですが、確かにいつもよりは低かったです。」,有,服用間違い（過剰服用）による、ふらつき,調剤薬局,+
882,キプレス細粒4mg,患者像（男性、8歳、小学生、既往歴（喘息）、併用薬（アドエア）、アドヒアランス良好）S「母親：最近引っ越してきてこちらの小児科でお薬もらうようになったんですけど、キプレスって先生によって粉薬と錠剤と使い分けられるんですかね？前の小児科では錠剤だったんですが、粉だと若干咳が治りきらないんです。環境の変化もあるとは思うんですが。」,有,用量過少による症状悪化,調剤薬局,+
961,プレドニゾロン錠１ｍｇ（旭化成）,患者像（男性、40代、会社員、子供2人と妻の4人暮らし、既往歴（高血圧）、併用薬（アムロジピン）、アドヒアランス○）S「突発性難聴でもらったこの薬を飲んだら、急に血圧が上がった気がするんですけど、ステロイドって血圧上がるんですか?いつもは120くらいなんで、ちょっとびっくりして。短期間なら大丈夫ですよね?BP：150/90,有,血圧上昇,調剤薬局,+
203,アリミデックス（アナストロゾール）,患者像（５０代女性、既往歴（乳がん）、併用薬（セレコックス、ムコスタ）、アドヒアランス良好）\nここのところ手の関節が痛く整形外科を受診したら腱鞘炎と言われました。乳がんの薬を飲んでいることを伝えたら薬の副作用かもしれないと言われました。,有,腱鞘炎,調剤薬局,+
184,マグミット錠３３０ｍｇ,患者像（７０代男性、既往歴（胃がん）、併用薬（タケキャブ、センノシド）、アドヒアランス良好）\n胃がんの切除手術をしました。\n手術後の腸閉塞にならないようにということで下剤が大量に出されていて、センノシドは朝と夜に３錠ずつ、酸化マグネシウムは朝昼夕２錠ずつ飲んでいるl。\nかなりお腹が緩くなってしまうことがあるけど続けたほうが良いですか？,有,下痢,病院（外来）,+
205,フェマーラ（レトロゾール）,患者像（５０代女性、既往歴（乳がん）、併用薬（ロキソニン 、ムコスタ）、アドヒアランス良好）\n指がカクカクするので主治医に相談したところ薬の副作用でバネ指の症状が出ているかもしれないと言われました。痛みがひどいので痛み止めで様子を見てみようということになりましたが、よっぽど酷かったら治療方針を検討しようと言われています。,有,バネ指,調剤薬局,+
131,チラーヂンＳ錠５０μｇ,（女性、５０代，主婦，夫　子1人　，異常なし，合併症，既往歴　糖尿病　併用ノボラピッド、メトグルコ、　服薬アドヒアランス良好）\nS「甲状腺の数値が昔から低くて、チラーヂンの量をコントロールしながら服用しています。いまは甲状腺の数値は安定しています。しかし血糖値があまり良くないんです。先生にも言われました。」,有,血糖上昇,調剤薬局,+
89,アリミデックス（アナストロゾール）,患者像:50代女性\n既往歴:なし\n併用薬:なし\nアドヒアランス:週1日程度飲み忘れあり\nS:こわばりは気になります。けど、手をグーパーグーパーしてストレッチするとだいぶ良いです。吐き気は飲み初めの頃ありましたが、今は慣れたのか大丈夫。たまに飲んだか飲んでいないかわからなくなって飲まない日はありました。1ヶ月分もらって4錠手元に残るくらいですね。,無,なし,調剤薬局,-
1001,アリミデックス（アナストロゾール）,患者像（女性、70代、主婦、夫婦二人暮らし、既往歴なし、併用薬なし、アドヒアランス良好）S「ずっと病気なしでここまできたのに、ここにきて乳がんなんて本当に驚いた。この薬を飲むと指先が痺れる感じがする。今日先生がそれに対して牛車腎気丸という漢方を出すって言っていたんだけど、この調子で薬が増えていったら嫌だなあ。」,有,指先の痺れ,調剤薬局,+
825,ツロブテロールテープ1mg「久光」,患者像（女性、3歳、幼稚園、両親と3人暮らし、既往歴・併用薬なし、アドヒアランス良好）_x000B_S「母親：この子、3際歳になったことで、この間から咳止めの貼り薬、大きくなったんです。ただ、『ドキドキする』と言って、ハアハア息をする仕草をすることが多くて。体重：13.2kg」,有,動悸（体重に対して過量のため）,調剤薬局,+
174,ユリーフ錠,（男性、６０代，自営業，妻，異常なし，合併症，既往歴なし　　併用ベタニス　服薬アドヒアランス良好）\nS「ベタニスはずっと前から飲んでいました。ユリーフは最近飲み始めました。トイレの回数は以前より減りましたね。最近椅子から立ち上がった時にふらっとするような感覚になることがあるんだよね。なんかの病気かな？検査してもらった方がよいかな？血圧は昔から悪くないんだよ。」,有,起立性低血圧,調剤薬局,+
1027,ザイザルシロップ０．０５％,患者像（女児，3歳，両親と同居，母親と来局，既往歴なし，併用薬なし，鼻水で服用始めたが機嫌によって飲めない時がある，アドヒアランスやや不良）\nS「飲める時と飲まない時があるんだけど，基本的にはおいしそうに飲んでいます．少し鼻水改善したかな．でもまだ時々グシュグシュしてます．眠そうに少しぐずるときがある．夜はその後すぐに寝ちゃうんだけど，朝飲ませるとちょうど保育園に着くくらいにぐずるからちょっと困っている．」,有,眠気,調剤薬局,+
22,ミヤＢＭ錠,患者像：20代、男性、独身\n既往歴：なし\n併用薬：タンナルビン、五苓散、ロペミン、フェロベリン\nアドヒアランス：良好\nS：今朝から気持ち悪買ったかった。昼になって急に熱が出て、吐き気もあり、下痢も始まった。急性胃腸炎とのことでした。昨日、お店で鍋をしたのでそれぐらいしか原因が思い当たらないですね。今は症状が少し落ち着いているが食事はできない。食べたら吐きそう。,無,　なし,調剤薬局,-
790,メキタジン錠3mg「日医工」,患者像（男性、30代、会社員、夫婦2人暮らし、既往歴・併用薬なし、アドヒアランス良好）S「花粉症がひどくて。昔から行きつけの内科でメキタジンをもらっているんですが、どうも眠くなってしまうんですよ。テレビのCMとかを見ると眠くならないアレルギーの薬もあるんですかね。」,有,眠気,調剤薬局,+
73,ヨクイニンエキス錠「コタロー」,患者像：30代、男性\n既往歴：なし\n併用薬：リンデロンVG、ゲンタシン軟膏\nアドヒアランス：良好\nS：いぼで治療してもらっています。クリニックでは窒素で焼いてもらってもいます。いつも焼いた後は痛くて歩いきにくい。なので痛み止めも使っています。前回焼いたところが膿んでしまっているようで抗生剤も出してもらいました。他でかゆいところもあるので相談しました。,有,処置患部の感染,調剤薬局,+
150,ワーファリン錠１ｍｇ,（女性、６０代，主婦，夫，異常なし，合併症，既往歴　なし、、併用　酸化マグネシウム　服薬アドヒアランス良好）\nS「最近便秘がちで酸化マグネシウムという薬をもらったの。食事も気を付けるようにしてお腹にいいものを食べている。発酵食品がいいみたいでこれまであまり食べなかったヨーグルトや納豆なども毎朝食べるようにしたの。そういえば今日血液検査の結果で少し数値がさがっていたみたい。1ヶ月様子見ると先生が言っていた。」,有,効果減退,調剤薬局,+
899,エブトール錠,患者像（女性、60代、会社員、娘2人と夫の4人暮らし、既往歴なし、併用薬（クラリスロマイシン、リファンピシン）、アドヒアランス良好）\nS「エタンブトール飲み始めてから、今日で2ヶ月だけど、最近テレビが霞むように感じる。これはやはり薬の副作用ですかね。次の眼科はまた1ヶ月後なんですが、それより先に行った方がいいかな。」,有,視覚障害,調剤薬局,+
1026,メトグルコ錠２５０ｍｇ,患者像（女性，60代，独居，既往歴（高血圧，２型糖尿病），併用薬（アムロジピン，アログリプチン），アドヒアランス良好，血圧125/70，HbA1c7.9）\nS「この前お薬の量増やしたでしょ．そしたらすっごく下痢しちゃって．飲むのやめたほうがいいかと思ったんだけど，せっかく頑張って治療を始めたしと思って．もしかしたら下痢が起こるかもと聞いてたから，言われた通り水分と食事少しずつ取りながら続けたの．それでしばらくしたら下痢が止まって，もう今は大丈夫．HbA1cも少しだけよくなってきた．」,有,消化器症状,調剤薬局,+
139,メチコバール錠５００μｇ ０．５ｍｇ,（男性、５０代，，独身，異常なし，合併症，既往歴　なし、、併用なし　服薬アドヒアランス良好）\nS「長年肩こりに悩まされていてこの薬だけ飲んでいる。薬がそもそも嫌いだから、先生にも言っていて、この薬は安全だからと飲んでいる。ただ最近少し胃のムカムカというか、なんか違和感があるんだよね。この薬ってそういうのある？」,有,悪心,調剤薬局,+
